"source_oem";"source_brand";"relation_code";"relation_name";"direction";"related_oem";"related_brand";"weight";"rate";"last_seen_at"
"845653";"SIDEM";"replacement";"Замена";"forward";"4806820221";"MITSUBISHI";\N;"4";"2026-10-06 16:47:21"
"845653";"SIDEM";"replacement";"Замена";"reverse";"29671";"FEBI";"0,29";"4";"2026-10-06 16:47:20"
"845653";"SIDEM";"replacement";"Замена";"reverse";"81929671";"SWAG";"0,29";"4";"2026-10-06 16:47:21"
"845653";"SIDEM";"replacement";"Замена";"forward";"1060080009";"DODA";\N;"4";"2026-10-06 16:47:21"
"845653";"SIDEM";"replacement";"Замена";"forward";"DS130215";"DYNAMATRIX-KOREA";"0,31";"4";"2026-10-06 16:47:21"
"845653";"SIDEM";"replacement";"Замена";"forward";"DB68322";"MILES";"0,3";"4";"2026-10-06 16:47:21"
"845653";"SIDEM";"replacement";"Замена";"forward";"TEF1524";"TATSUMI";"0,32";"4";"2026-10-06 16:47:21"
"845653";"SIDEM";"replacement";"Замена";"forward";"CB5216";"PARTRA";\N;"4";"2026-10-06 16:47:21"
"845653";"SIDEM";"replacement";"Замена";"forward";"SL1346";"SIFIX";\N;"4";"2026-10-06 16:47:21"
"845653";"SIDEM";"replacement";"Замена";"reverse";"8798012SX";"STELLOX";"0,316";"3";"2026-10-06 16:47:21"
"845653";"SIDEM";"replacement";"Замена";"reverse";"4865505011";"TOYOTA/LEXUS";"0,28";"5";"2026-10-06 16:47:20"
"845653";"SIDEM";"replacement";"Замена";"reverse";"4865520140";"TOYOTA/LEXUS";"0,26";"5";"2026-10-06 16:47:20"
"845653";"SIDEM";"replacement";"Замена";"reverse";"4865520221";"TOYOTA/LEXUS";"0,231";"4";"2026-10-06 16:47:20"
"845653";"SIDEM";"replacement";"Замена";"reverse";"TOSB5139";"MOOG";"0,295";"4";"2026-10-06 16:47:20"
"845653";"SIDEM";"replacement";"Замена";"reverse";"CVT31";"CTR";"0,278";"5";"2026-10-06 16:47:20"
"845653";"SIDEM";"replacement";"Замена";"forward";"CVT8";"CTR";"0,21";"4";"2026-10-06 16:47:21"
"845653";"SIDEM";"replacement";"Замена";"forward";"GV0443";"CTR";"0,21";"4";"2026-10-06 16:47:21"
"845653";"SIDEM";"replacement";"Замена";"reverse";"GV0466";"CTR";"0,278";"5";"2026-10-06 16:47:20"
"845653";"SIDEM";"replacement";"Замена";"reverse";"986911";"RUVILLE";"0,266";"4";"2026-10-06 16:47:20"
"845653";"SIDEM";"replacement";"Замена";"reverse";"BH21071";"JIKIU";"0,275";"4";"2026-10-06 16:47:21"
"845653";"SIDEM";"replacement";"Замена";"forward";"053221224";"KAPIMSAN";\N;"3";"2026-10-06 16:47:21"
"845653";"SIDEM";"replacement";"Замена";"forward";"412221";"SPIDAN";\N;"4";"2026-10-06 16:47:21"
"845653";"SIDEM";"replacement";"Замена";"forward";"412221";"GKN";\N;"4";"2026-10-06 16:47:21"
"845653";"SIDEM";"replacement";"Замена";"forward";"03196";"ORJIN";\N;"4";"2026-10-06 16:47:21"
"845653";"SIDEM";"replacement";"Замена";"forward";"053221224";"HERTS BERG";\N;"4";"2026-10-06 16:47:21"
"845653";"SIDEM";"replacement";"Замена";"forward";"CAB20064";"FENOX";"0,298";"5";"2026-10-06 16:47:21"
"845653";"SIDEM";"replacement";"Замена";"forward";"CAB20075";"FENOX";"0,278";"5";"2026-10-06 16:47:21"
"845653";"SIDEM";"replacement";"Замена";"forward";"511049";"GSP";\N;"4";"2026-10-06 16:47:21"
"845653";"SIDEM";"replacement";"Замена";"forward";"513225";"GSP";"0,226";"4";"2026-10-06 16:47:21"
"845653";"SIDEM";"replacement";"Замена";"forward";"FG0219";"FIXAR";"0,35";"4";"2026-10-06 16:47:21"
"845653";"SIDEM";"replacement";"Замена";"forward";"FG0345";"FIXAR";"0,17";"4";"2026-10-06 16:47:21"
"845653";"SIDEM";"replacement";"Замена";"forward";"FG0357";"FIXAR";"0,17";"4";"2026-10-06 16:47:21"
"845653";"SIDEM";"replacement";"Замена";"forward";"FG0373";"FIXAR";"0,16";"4";"2026-10-06 16:47:21"
"845653";"SIDEM";"replacement";"Замена";"forward";"ZTPTY020B";"NTY";\N;"4";"2026-10-06 16:47:21"
"845653";"SIDEM";"replacement";"Замена";"forward";"4865520140";"DAR";\N;"4";"2026-10-06 16:47:21"
"845653";"SIDEM";"replacement";"Замена";"forward";"SABA272RR";"555";"0,244";"4";"2026-10-06 16:47:21"
"KL75";"PUROLATOR";"replacement";"Замена";"reverse";"E148105";"EUROREPAR";"0,387";"4";"2026-10-06 13:46:53"
"OP595";"NISSAN/INFINITI";"replacement";"Замена";"reverse";"5481FB0025633";"FRANKBERG";\N;"4";"2026-10-06 13:38:00"
"KL75";"KNECHT/MAHLE";"replacement";"Замена";"forward";"0450906161";"AM POINT";\N;"4";"2026-10-06 13:46:52"
"KL75";"KNECHT/MAHLE";"replacement";"Замена";"forward";"0450906174";"AM POINT";\N;"4";"2026-10-06 13:46:52"
"KL75";"KNECHT/MAHLE";"replacement";"Замена";"forward";"0450906193";"AM POINT";\N;"4";"2026-10-06 13:46:52"
"KL75";"KNECHT/MAHLE";"replacement";"Замена";"forward";"0450906210";"AM POINT";\N;"4";"2026-10-06 13:46:52"
"KL75";"KNECHT/MAHLE";"replacement";"Замена";"forward";"0450906267";"AM POINT";\N;"4";"2026-10-06 13:46:52"
"KL75";"KNECHT/MAHLE";"replacement";"Замена";"forward";"0450906274";"AM POINT";\N;"4";"2026-10-06 13:46:52"
"KL75";"KNECHT/MAHLE";"replacement";"Замена";"forward";"0450906296";"AM POINT";\N;"4";"2026-10-06 13:46:52"
"KL75";"KNECHT/MAHLE";"replacement";"Замена";"forward";"0450906318";"AM POINT";\N;"4";"2026-10-06 13:46:52"
"KL75";"KNECHT/MAHLE";"replacement";"Замена";"forward";"0681274011";"AM POINT";\N;"4";"2026-10-06 13:46:52"
"KL75";"KNECHT/MAHLE";"replacement";"Замена";"forward";"182FP";"AM POINT";\N;"4";"2026-10-06 13:46:53"
"KL75";"KNECHT/MAHLE";"replacement";"Замена";"forward";"191127401M";"AM POINT";\N;"4";"2026-10-06 13:46:52"
"KL75";"KNECHT/MAHLE";"replacement";"Замена";"forward";"1H0127401F";"AM POINT";\N;"4";"2026-10-06 13:46:52"
"KL75";"KNECHT/MAHLE";"replacement";"Замена";"forward";"1H0127401M";"AM POINT";\N;"4";"2026-10-06 13:46:52"
"KL75";"KNECHT/MAHLE";"replacement";"Замена";"forward";"21600";"AM POINT";\N;"4";"2026-10-06 13:46:52"
"KL75";"KNECHT/MAHLE";"replacement";"Замена";"forward";"2436501";"AM POINT";\N;"4";"2026-10-06 13:46:52"
"KL75";"KNECHT/MAHLE";"replacement";"Замена";"forward";"264312130";"AM POINT";\N;"4";"2026-10-06 13:46:52"
"KL75";"KNECHT/MAHLE";"replacement";"Замена";"forward";"2TA127401";"AM POINT";\N;"4";"2026-10-06 13:46:53"
"KL75";"KNECHT/MAHLE";"replacement";"Замена";"forward";"30706161";"AM POINT";\N;"4";"2026-10-06 13:46:52"
"KL75";"KNECHT/MAHLE";"replacement";"Замена";"forward";"33509";"AM POINT";\N;"4";"2026-10-06 13:46:52"
"KL75";"KNECHT/MAHLE";"replacement";"Замена";"forward";"3509";"AM POINT";\N;"4";"2026-10-06 13:46:52"
"KL75";"KNECHT/MAHLE";"replacement";"Замена";"forward";"450906161";"AM POINT";\N;"4";"2026-10-06 13:46:52"
"KL75";"KNECHT/MAHLE";"replacement";"Замена";"forward";"450906174";"AM POINT";\N;"4";"2026-10-06 13:46:52"
"KL75";"KNECHT/MAHLE";"replacement";"Замена";"forward";"450906193";"AM POINT";\N;"4";"2026-10-06 13:46:53"
"KL75";"KNECHT/MAHLE";"replacement";"Замена";"forward";"450906210";"AM POINT";\N;"4";"2026-10-06 13:46:53"
"KL75";"KNECHT/MAHLE";"replacement";"Замена";"forward";"450906267";"AM POINT";\N;"4";"2026-10-06 13:46:52"
"KL75";"KNECHT/MAHLE";"replacement";"Замена";"forward";"450906296";"AM POINT";\N;"4";"2026-10-06 13:46:52"
"KL75";"KNECHT/MAHLE";"replacement";"Замена";"forward";"450906318";"AM POINT";\N;"4";"2026-10-06 13:46:52"
"KL75";"KNECHT/MAHLE";"replacement";"Замена";"forward";"50013182";"AM POINT";\N;"4";"2026-10-06 13:46:52"
"KL75";"KNECHT/MAHLE";"replacement";"Замена";"forward";"5034";"AM POINT";\N;"4";"2026-10-06 13:46:52"
"KL75";"KNECHT/MAHLE";"replacement";"Замена";"forward";"5034K";"AM POINT";\N;"4";"2026-10-06 13:46:52"
"KL75";"KNECHT/MAHLE";"replacement";"Замена";"forward";"5085";"AM POINT";\N;"4";"2026-10-06 13:46:52"
"KL75";"KNECHT/MAHLE";"replacement";"Замена";"forward";"587507";"AM POINT";\N;"4";"2026-10-06 13:46:52"
"KL75";"KNECHT/MAHLE";"replacement";"Замена";"forward";"6202";"AM POINT";\N;"4";"2026-10-06 13:46:52"
"KL75";"KNECHT/MAHLE";"replacement";"Замена";"forward";"681274011";"AM POINT";\N;"4";"2026-10-06 13:46:52"
"KL75";"KNECHT/MAHLE";"replacement";"Замена";"forward";"7176507";"AM POINT";\N;"4";"2026-10-06 13:46:52"
"KL75";"KNECHT/MAHLE";"replacement";"Замена";"forward";"7M0127401B";"AM POINT";\N;"4";"2026-10-06 13:46:52"
"KL75";"KNECHT/MAHLE";"replacement";"Замена";"forward";"8671002069";"AM POINT";\N;"4";"2026-10-06 13:46:52"
"KL75";"KNECHT/MAHLE";"replacement";"Замена";"forward";"AG6015";"AM POINT";\N;"4";"2026-10-06 13:46:52"
"KL75";"KNECHT/MAHLE";"replacement";"Замена";"forward";"AK14DB";"AM POINT";\N;"4";"2026-10-06 13:46:52"
"KL75";"KNECHT/MAHLE";"replacement";"Замена";"forward";"ALG2055";"AM POINT";\N;"4";"2026-10-06 13:46:53"
"KL75";"KNECHT/MAHLE";"replacement";"Замена";"forward";"ALG2255";"AM POINT";\N;"4";"2026-10-06 13:46:52"
"KL75";"KNECHT/MAHLE";"replacement";"Замена";"forward";"BFF8036";"AM POINT";\N;"4";"2026-10-06 13:46:52"
"KL75";"KNECHT/MAHLE";"replacement";"Замена";"forward";"DN829";"AM POINT";\N;"4";"2026-10-06 13:46:52"
"KL75";"KNECHT/MAHLE";"replacement";"Замена";"forward";"EFG318";"AM POINT";\N;"4";"2026-10-06 13:46:52"
"KL75";"KNECHT/MAHLE";"replacement";"Замена";"forward";"ELG5210";"AM POINT";\N;"4";"2026-10-06 13:46:52"
"KL75";"KNECHT/MAHLE";"replacement";"Замена";"forward";"F68807";"AM POINT";\N;"4";"2026-10-06 13:46:52"
"KL75";"KNECHT/MAHLE";"replacement";"Замена";"forward";"FCD2067";"AM POINT";\N;"4";"2026-10-06 13:46:52"
"KL75";"KNECHT/MAHLE";"replacement";"Замена";"forward";"FCS197V";"AM POINT";\N;"4";"2026-10-06 13:46:52"
"KL75";"KNECHT/MAHLE";"replacement";"Замена";"forward";"FCS412BV";"AM POINT";\N;"4";"2026-10-06 13:46:52"
"KL75";"KNECHT/MAHLE";"replacement";"Замена";"forward";"FCS412V";"AM POINT";\N;"4";"2026-10-06 13:46:52"
"KL75";"KNECHT/MAHLE";"replacement";"Замена";"forward";"FF0060";"AM POINT";\N;"4";"2026-10-06 13:46:52"
"KL75";"KNECHT/MAHLE";"replacement";"Замена";"forward";"FF5312";"AM POINT";\N;"4";"2026-10-06 13:46:52"
"KL75";"KNECHT/MAHLE";"replacement";"Замена";"forward";"FGI159";"AM POINT";\N;"4";"2026-10-06 13:46:52"
"KL75";"KNECHT/MAHLE";"replacement";"Замена";"forward";"FN107";"AM POINT";\N;"4";"2026-10-06 13:46:52"
"KL75";"KNECHT/MAHLE";"replacement";"Замена";"forward";"FP5219";"AM POINT";\N;"4";"2026-10-06 13:46:52"
"KL75";"KNECHT/MAHLE";"replacement";"Замена";"forward";"FT5385";"AM POINT";\N;"4";"2026-10-06 13:46:52"
"KL75";"KNECHT/MAHLE";"replacement";"Замена";"forward";"GN0127401C";"AM POINT";\N;"4";"2026-10-06 13:46:52"
"KL75";"KNECHT/MAHLE";"replacement";"Замена";"forward";"H70WK05";"AM POINT";\N;"4";"2026-10-06 13:46:52"
"KL75";"KNECHT/MAHLE";"replacement";"Замена";"forward";"HDF507";"AM POINT";\N;"4";"2026-10-06 13:46:52"
"KL75";"KNECHT/MAHLE";"replacement";"Замена";"forward";"L114";"AM POINT";\N;"4";"2026-10-06 13:46:52"
"KL75";"KNECHT/MAHLE";"replacement";"Замена";"forward";"L120";"AM POINT";\N;"4";"2026-10-06 13:46:52"
"KL75";"KNECHT/MAHLE";"replacement";"Замена";"forward";"LFF8813F";"AM POINT";\N;"4";"2026-10-06 13:46:52"
"KL75";"KNECHT/MAHLE";"replacement";"Замена";"forward";"MP13";"AM POINT";\N;"4";"2026-10-06 13:46:52"
"KL75";"KNECHT/MAHLE";"replacement";"Замена";"forward";"N6267";"AM POINT";\N;"4";"2026-10-06 13:46:52"
"KL75";"KNECHT/MAHLE";"replacement";"Замена";"forward";"N6318";"AM POINT";\N;"4";"2026-10-06 13:46:52"
"KL75";"KNECHT/MAHLE";"replacement";"Замена";"forward";"OK202";"AM POINT";\N;"4";"2026-10-06 13:46:52"
"KL75";"KNECHT/MAHLE";"replacement";"Замена";"forward";"P5328";"AM POINT";\N;"4";"2026-10-06 13:46:52"
"KL75";"KNECHT/MAHLE";"replacement";"Замена";"forward";"PFC4807";"AM POINT";\N;"4";"2026-10-06 13:46:52"
"KL75";"KNECHT/MAHLE";"replacement";"Замена";"forward";"PMFF916";"AM POINT";\N;"4";"2026-10-06 13:46:52"
"KL75";"KNECHT/MAHLE";"replacement";"Замена";"forward";"PP839";"AM POINT";\N;"4";"2026-10-06 13:46:52"
"KL75";"KNECHT/MAHLE";"replacement";"Замена";"forward";"PS5938";"AM POINT";\N;"4";"2026-10-06 13:46:52"
"KL75";"KNECHT/MAHLE";"replacement";"Замена";"forward";"PSC4981";"AM POINT";\N;"4";"2026-10-06 13:46:52"
"KL75";"KNECHT/MAHLE";"replacement";"Замена";"forward";"QFF0223";"AM POINT";\N;"4";"2026-10-06 13:46:52"
"KL75";"KNECHT/MAHLE";"replacement";"Замена";"forward";"QFF6028";"AM POINT";\N;"4";"2026-10-06 13:46:52"
"KL75";"KNECHT/MAHLE";"replacement";"Замена";"forward";"RN67B";"AM POINT";\N;"4";"2026-10-06 13:46:53"
"KL75";"KNECHT/MAHLE";"replacement";"Замена";"forward";"S7600NR";"AM POINT";\N;"4";"2026-10-06 13:46:52"
"KL75";"KNECHT/MAHLE";"replacement";"Замена";"forward";"SN5363";"AM POINT";\N;"4";"2026-10-06 13:46:52"
"KL75";"KNECHT/MAHLE";"replacement";"Замена";"forward";"SN563";"AM POINT";\N;"4";"2026-10-06 13:46:52"
"KL75";"KNECHT/MAHLE";"replacement";"Замена";"forward";"SP972";"AM POINT";\N;"4";"2026-10-06 13:46:53"
"KL75";"KNECHT/MAHLE";"replacement";"Замена";"forward";"VFF200";"AM POINT";\N;"4";"2026-10-06 13:46:52"
"KL75";"KNECHT/MAHLE";"replacement";"Замена";"forward";"VFF307";"AM POINT";\N;"4";"2026-10-06 13:46:52"
"KL75";"KNECHT/MAHLE";"replacement";"Замена";"forward";"VY8107";"AM POINT";\N;"4";"2026-10-06 13:46:52"
"KL75";"KNECHT/MAHLE";"replacement";"Замена";"forward";"WK8424";"AM POINT";\N;"4";"2026-10-06 13:46:52"
"KL75";"KNECHT/MAHLE";"replacement";"Замена";"forward";"XD138";"AM POINT";\N;"4";"2026-10-06 13:46:52"
"KL75";"KNECHT/MAHLE";"replacement";"Замена";"forward";"Z1141";"AM POINT";\N;"4";"2026-10-06 13:46:53"
"KL75";"KNECHT/MAHLE";"replacement";"Замена";"reverse";"PP839";"FILTRON";"0,38";"4";"2026-10-06 13:46:51"
"KL75";"KNECHT/MAHLE";"replacement";"Замена";"reverse";"0450906161";"BOSCH";\N;"4";"2026-10-06 13:46:51"
"KL75";"KNECHT/MAHLE";"replacement";"Замена";"reverse";"0450906174";"BOSCH";"0,431";"4";"2026-10-06 13:46:51"
"KL75";"KNECHT/MAHLE";"replacement";"Замена";"forward";"0450906193";"BOSCH";\N;"4";"2026-10-06 13:46:52"
"KL75";"KNECHT/MAHLE";"replacement";"Замена";"forward";"0450906210";"BOSCH";\N;"4";"2026-10-06 13:46:52"
"KL75";"KNECHT/MAHLE";"replacement";"Замена";"reverse";"0450906267";"BOSCH";"0,289";"4";"2026-10-06 13:46:51"
"KL75";"KNECHT/MAHLE";"replacement";"Замена";"reverse";"0450906274";"BOSCH";"0,41";"4";"2026-10-06 13:46:51"
"KL75";"KNECHT/MAHLE";"replacement";"Замена";"forward";"0450906296";"BOSCH";\N;"4";"2026-10-06 13:46:52"
"KL75";"KNECHT/MAHLE";"replacement";"Замена";"reverse";"0450906318";"BOSCH";"0,355";"4";"2026-10-06 13:46:51"
"KL75";"KNECHT/MAHLE";"replacement";"Замена";"forward";"0986BF0400";"BOSCH";\N;"4";"2026-10-06 13:46:52"
"KL75";"KNECHT/MAHLE";"replacement";"Замена";"forward";"450906161";"BOSCH";\N;"4";"2026-10-06 13:46:52"
"KL75";"KNECHT/MAHLE";"replacement";"Замена";"forward";"450906174";"BOSCH";"0,431";"4";"2026-10-06 13:46:51"
"KL75";"KNECHT/MAHLE";"replacement";"Замена";"forward";"450906193";"BOSCH";\N;"4";"2026-10-06 13:46:52"
"KL75";"KNECHT/MAHLE";"replacement";"Замена";"forward";"450906210";"BOSCH";\N;"4";"2026-10-06 13:46:52"
"KL75";"KNECHT/MAHLE";"replacement";"Замена";"forward";"450906267";"BOSCH";"0,45";"4";"2026-10-06 13:46:52"
"KL75";"KNECHT/MAHLE";"replacement";"Замена";"forward";"450906296";"BOSCH";"1,47";"4";"2026-10-06 13:46:52"
"KL75";"KNECHT/MAHLE";"replacement";"Замена";"forward";"450906318";"BOSCH";"0,36";"4";"2026-10-06 13:46:52"
"KL75";"KNECHT/MAHLE";"replacement";"Замена";"forward";"N6267";"BOSCH";\N;"4";"2026-10-06 13:46:52"
"KL75";"KNECHT/MAHLE";"replacement";"Замена";"forward";"N6318";"BOSCH";\N;"4";"2026-10-06 13:46:52"
"KL75";"KNECHT/MAHLE";"replacement";"Замена";"forward";"XD138";"ACDELCO";\N;"4";"2026-10-06 13:46:52"
"KL75";"KNECHT/MAHLE";"replacement";"Замена";"reverse";"XD9045E";"ACDELCO";\N;"3";"2026-10-06 13:46:51"
"KL75";"KNECHT/MAHLE";"replacement";"Замена";"reverse";"H70WK05";"HENGST FILTER";"0,406";"4";"2026-10-06 13:46:51"
"KL75";"KNECHT/MAHLE";"replacement";"Замена";"reverse";"FCS197V";"PURFLUX";\N;"4";"2026-10-06 13:46:51"
"KL75";"KNECHT/MAHLE";"replacement";"Замена";"reverse";"FCS412BV";"PURFLUX";"0,415";"4";"2026-10-06 13:46:51"
"KL75";"KNECHT/MAHLE";"replacement";"Замена";"reverse";"FCS412V";"PURFLUX";\N;"4";"2026-10-06 13:46:51"
"KL75";"KNECHT/MAHLE";"replacement";"Замена";"reverse";"P5328";"FRAM";"0,4";"4";"2026-10-06 13:46:51"
"KL75";"KNECHT/MAHLE";"replacement";"Замена";"reverse";"PS5938";"FRAM";"0,31";"4";"2026-10-06 13:46:51"
"KL75";"KNECHT/MAHLE";"replacement";"Замена";"reverse";"RN67B";"TECNOCAR";\N;"4";"2026-10-06 13:46:51"
"KL75";"KNECHT/MAHLE";"replacement";"Замена";"reverse";"63197";"MAPCO";\N;"4";"2026-10-06 13:46:51"
"KL75";"KNECHT/MAHLE";"replacement";"Замена";"reverse";"1001270004";"MEYLE";"0,44";"4";"2026-10-06 13:46:51"
"KL75";"KNECHT/MAHLE";"replacement";"Замена";"forward";"100343";"VEMO (VAICO)";\N;"3";"2026-10-06 13:46:52"
"KL75";"KNECHT/MAHLE";"replacement";"Замена";"forward";"V1003431";"VEMO (VAICO)";"0,531";"4";"2026-10-06 13:46:52"
"KL75";"KNECHT/MAHLE";"replacement";"Замена";"reverse";"DN829";"CLEAN FILTERS";"0,366";"4";"2026-10-06 13:46:51"
"KL75";"KNECHT/MAHLE";"replacement";"Замена";"forward";"DN829T";"CLEAN FILTERS";\N;"4";"2026-10-06 13:46:52"
"KL75";"KNECHT/MAHLE";"replacement";"Замена";"forward";"DO829";"CLEAN FILTERS";\N;"4";"2026-10-06 13:46:52"
"KL75";"KNECHT/MAHLE";"replacement";"Замена";"reverse";"ST304";"SCT";"0,001";"4";"2026-10-06 13:46:51"
"KL75";"KNECHT/MAHLE";"replacement";"Замена";"forward";"4113";"MEAT & DORIA";"0,373";"4";"2026-10-06 13:46:52"
"KL75";"KNECHT/MAHLE";"replacement";"Замена";"forward";"08749814";"KNECHT/MAHLE";\N;"3";"2026-10-06 13:46:52"
"KL75";"KNECHT/MAHLE";"replacement";"Замена";"forward";"08749822";"KNECHT/MAHLE";\N;"3";"2026-10-06 13:46:52"
"KL75";"KNECHT/MAHLE";"replacement";"Замена";"reverse";"KL180";"KNECHT/MAHLE";"0,325";"3";"2026-10-06 13:46:51"
"KL75";"KNECHT/MAHLE";"replacement";"Замена";"forward";"KL55";"KNECHT/MAHLE";\N;"4";"2026-10-06 13:46:52"
"KL75";"KNECHT/MAHLE";"replacement";"Замена";"forward";"KL751";"KNECHT/MAHLE";\N;"4";"2026-10-06 13:46:52"
"KL75";"KNECHT/MAHLE";"replacement";"Замена";"forward";"KNKL75";"KNECHT/MAHLE";"0,36";"2";"2026-10-06 13:46:51"
"KL75";"KNECHT/MAHLE";"replacement";"Замена";"forward";"AG6015";"PBR";\N;"4";"2026-10-06 13:46:52"
"KL75";"KNECHT/MAHLE";"replacement";"Замена";"forward";"2436501";"UFI";"0,426";"4";"2026-10-06 13:46:52"
"KL75";"KNECHT/MAHLE";"replacement";"Замена";"forward";"S7600NR";"SOFIMA";\N;"4";"2026-10-06 13:46:52"
"KL75";"KNECHT/MAHLE";"replacement";"Замена";"reverse";"SP972";"ALCO FILTERS";"0,42";"4";"2026-10-06 13:46:51"
"KL75";"KNECHT/MAHLE";"replacement";"Замена";"forward";"150300006702";"MAGNETI MARELLI";\N;"4";"2026-10-06 13:46:51"
"KL75";"KNECHT/MAHLE";"replacement";"Замена";"reverse";"152071758861";"MAGNETI MARELLI";\N;"4";"2026-10-06 13:46:51"
"KL75";"KNECHT/MAHLE";"replacement";"Замена";"forward";"154087498220";"MAGNETI MARELLI";\N;"4";"2026-10-06 13:46:52"
"KL75";"KNECHT/MAHLE";"replacement";"Замена";"reverse";"21600";"FEBI";"0,356";"4";"2026-10-06 13:46:51"
"KL75";"KNECHT/MAHLE";"replacement";"Замена";"reverse";"32921600";"SWAG";"0,356";"4";"2026-10-06 13:46:51"
"KL75";"KNECHT/MAHLE";"replacement";"Замена";"reverse";"ELG5210";"MECA FILTER";"0,425";"4";"2026-10-06 13:46:51"
"KL75";"KNECHT/MAHLE";"replacement";"Замена";"reverse";"G10";"MECA FILTER";\N;"4";"2026-10-06 13:46:51"
"KL75";"KNECHT/MAHLE";"replacement";"Замена";"reverse";"110016";"KAGER";"1";"4";"2026-10-06 13:46:51"
"KL75";"KNECHT/MAHLE";"replacement";"Замена";"forward";"QFF0223";"QUINTON HAZELL";\N;"4";"2026-10-06 13:46:52"
"KL75";"KNECHT/MAHLE";"replacement";"Замена";"forward";"QFF6028";"QUINTON HAZELL";\N;"4";"2026-10-06 13:46:52"
"KL75";"KNECHT/MAHLE";"replacement";"Замена";"reverse";"WF8045";"QUINTON HAZELL";\N;"4";"2026-10-06 13:46:51"
"KL75";"KNECHT/MAHLE";"replacement";"Замена";"forward";"WK8424";"MANN";"0,367";"4";"2026-10-06 13:46:52"
"KL75";"KNECHT/MAHLE";"replacement";"Замена";"forward";"33509";"WIX FILTERS";\N;"4";"2026-10-06 13:46:52"
"KL75";"KNECHT/MAHLE";"replacement";"Замена";"forward";"W33603";"WIX FILTERS";\N;"4";"2026-10-06 13:46:52"
"KL75";"KNECHT/MAHLE";"replacement";"Замена";"forward";"WF8045";"WIX FILTERS";\N;"4";"2026-10-06 13:46:52"
"KL75";"KNECHT/MAHLE";"replacement";"Замена";"forward";"F68807";"PUROLATOR";\N;"4";"2026-10-06 13:46:52"
"KL75";"KNECHT/MAHLE";"replacement";"Замена";"forward";"F69208";"PUROLATOR";\N;"3";"2026-10-06 13:46:52"
"KL75";"KNECHT/MAHLE";"replacement";"Замена";"forward";"PFC4807";"PUROLATOR";\N;"4";"2026-10-06 13:46:52"
"KL75";"KNECHT/MAHLE";"replacement";"Замена";"forward";"FI81734";"UNICO FILTER";\N;"4";"2026-10-06 13:46:52"
"KL75";"KNECHT/MAHLE";"replacement";"Замена";"forward";"L114";"CHAMPION";"0,39";"4";"2026-10-06 13:46:52"
"KL75";"KNECHT/MAHLE";"replacement";"Замена";"forward";"L114606";"CHAMPION";"0,4";"4";"2026-10-06 13:46:51"
"KL75";"KNECHT/MAHLE";"replacement";"Замена";"forward";"L120";"CHAMPION";"0,339";"4";"2026-10-06 13:46:52"
"KL75";"KNECHT/MAHLE";"replacement";"Замена";"forward";"LFF8813F";"CHAMPION";\N;"4";"2026-10-06 13:46:52"
"KL75";"KNECHT/MAHLE";"replacement";"Замена";"forward";"7176507";"DELPHI";\N;"4";"2026-10-06 13:46:52"
"KL75";"KNECHT/MAHLE";"replacement";"Замена";"forward";"FF0060";"DELPHI";\N;"4";"2026-10-06 13:46:52"
"KL75";"KNECHT/MAHLE";"replacement";"Замена";"reverse";"HDF507";"DELPHI";"0,382";"4";"2026-10-06 13:46:51"
"KL75";"KNECHT/MAHLE";"replacement";"Замена";"forward";"4113";"HOFFER";\N;"4";"2026-10-06 13:46:52"
"KL75";"KNECHT/MAHLE";"replacement";"Замена";"forward";"182FP";"KOLBENSCHMIDT";\N;"4";"2026-10-06 13:46:52"
"KL75";"KNECHT/MAHLE";"replacement";"Замена";"forward";"50013182";"KOLBENSCHMIDT";"0,36";"4";"2026-10-06 13:46:52"
"KL75";"KNECHT/MAHLE";"replacement";"Замена";"forward";"ZP054F";"FIL FILTER";"0,37";"4";"2026-10-06 13:46:52"
"KL75";"KNECHT/MAHLE";"replacement";"Замена";"forward";"FP5219";"COOPERS";\N;"4";"2026-10-06 13:46:52"
"KL75";"KNECHT/MAHLE";"replacement";"Замена";"forward";"FT5385";"COOPERS";\N;"4";"2026-10-06 13:46:52"
"KL75";"KNECHT/MAHLE";"replacement";"Замена";"forward";"Z1141";"COOPERS";\N;"4";"2026-10-06 13:46:52"
"KL75";"KNECHT/MAHLE";"replacement";"Замена";"forward";"MP13";"GUD FILTERS";\N;"4";"2026-10-06 13:46:52"
"KL75";"KNECHT/MAHLE";"replacement";"Замена";"forward";"LFF8813F";"LUBERFINER";\N;"4";"2026-10-06 13:46:52"
"KL75";"KNECHT/MAHLE";"replacement";"Замена";"forward";"VFF200";"MOTAQUIP";\N;"4";"2026-10-06 13:46:52"
"KL75";"KNECHT/MAHLE";"replacement";"Замена";"forward";"VFF307";"MOTAQUIP";\N;"4";"2026-10-06 13:46:52"
"KL75";"KNECHT/MAHLE";"replacement";"Замена";"forward";"6202";"TEHO";\N;"4";"2026-10-06 13:46:52"
"KL75";"KNECHT/MAHLE";"replacement";"Замена";"forward";"OK202";"TEHO";\N;"4";"2026-10-06 13:46:52"
"KL75";"KNECHT/MAHLE";"replacement";"Замена";"forward";"EFG318";"MOTORCRAFT";\N;"4";"2026-10-06 13:46:52"
"KL75";"KNECHT/MAHLE";"replacement";"Замена";"forward";"5034";"CROSLAND";\N;"4";"2026-10-06 13:46:52"
"KL75";"KNECHT/MAHLE";"replacement";"Замена";"forward";"5034K";"CROSLAND";\N;"4";"2026-10-06 13:46:52"
"KL75";"KNECHT/MAHLE";"replacement";"Замена";"forward";"5085";"CROSLAND";\N;"4";"2026-10-06 13:46:52"
"KL75";"KNECHT/MAHLE";"replacement";"Замена";"forward";"FF5312";"FLEETGUARD";\N;"4";"2026-10-06 13:46:52"
"KL75";"KNECHT/MAHLE";"replacement";"Замена";"forward";"DF327";"M-FILTER";\N;"4";"2026-10-06 13:46:51"
"KL75";"KNECHT/MAHLE";"replacement";"Замена";"forward";"M365A";"MISFAT";"0,44";"4";"2026-10-06 13:46:52"
"KL75";"KNECHT/MAHLE";"replacement";"Замена";"forward";"SK3707";"SF FILTER";\N;"4";"2026-10-06 13:46:52"
"KL75";"KNECHT/MAHLE";"replacement";"Замена";"forward";"SN563";"HIFI-FILTER";\N;"4";"2026-10-06 13:46:52"
"KL75";"KNECHT/MAHLE";"replacement";"Замена";"forward";"GS67";"TECNECO";\N;"4";"2026-10-06 13:46:52"
"KL75";"KNECHT/MAHLE";"replacement";"Замена";"forward";"FN107";"MULLER FILTER";"0,384";"4";"2026-10-06 13:46:51"
"KL75";"KNECHT/MAHLE";"replacement";"Замена";"forward";"XN302";"UNIFLUX FILTERS";\N;"4";"2026-10-06 13:46:52"
"KL75";"KNECHT/MAHLE";"replacement";"Замена";"forward";"PF3056";"PATRON";"0,42";"4";"2026-10-06 13:46:52"
"KL75";"KNECHT/MAHLE";"replacement";"Замена";"forward";"FG2021";"MGA";\N;"4";"2026-10-06 13:46:52"
"KL75";"KNECHT/MAHLE";"replacement";"Замена";"forward";"15301047";"PROFIT";\N;"4";"2026-10-06 13:46:52"
"KL75";"KNECHT/MAHLE";"replacement";"Замена";"forward";"BFF8036";"BORG BECK";\N;"4";"2026-10-06 13:46:52"
"KL75";"KNECHT/MAHLE";"replacement";"Замена";"forward";"D20107";"1A FIRST AUTOMOTIVE";\N;"4";"2026-10-06 13:46:52"
"KL75";"KNECHT/MAHLE";"replacement";"Замена";"forward";"EFF018";"COMLINE";"0,42";"4";"2026-10-06 13:46:52"
"KL75";"KNECHT/MAHLE";"replacement";"Замена";"forward";"JDF0034";"JD";"0,376";"4";"2026-10-06 13:46:52"
"KL75";"KNECHT/MAHLE";"replacement";"Замена";"forward";"B3W016KN";"JAPAN CARS";\N;"3";"2026-10-06 13:46:52"
"KL75";"KNECHT/MAHLE";"replacement";"Замена";"forward";"BS0450906267";"POLCAR";\N;"3";"2026-10-06 13:46:52"
"KL75";"KNECHT/MAHLE";"replacement";"Замена";"forward";"MAKNT00FF2";"BODY PARTS";\N;"3";"2026-10-06 13:46:52"
"KL75";"KNECHT/MAHLE";"replacement";"Замена";"forward";"MMF035113";"MANDO";\N;"5";"2026-10-06 13:46:52"
"KL75";"KNECHT/MAHLE";"replacement";"Замена";"forward";"1118702709";"JP GROUP";\N;"3";"2026-10-06 13:46:52"
"KL75";"KNECHT/MAHLE";"replacement";"Замена";"forward";"102732015";"HANS PRIES/TOPRAN";\N;"3";"2026-10-06 13:46:52"
"KL75";"KNECHT/MAHLE";"replacement";"Замена";"forward";"102732546";"HANS PRIES/TOPRAN";\N;"3";"2026-10-06 13:46:52"
"KL75";"KNECHT/MAHLE";"replacement";"Замена";"forward";"KF0167";"GREEN FILTER";"0,37";"4";"2026-10-06 13:46:52"
"KL75";"KNECHT/MAHLE";"replacement";"Замена";"forward";"5526";"NAC";\N;"4";"2026-10-06 13:46:52"
"KL75";"KNECHT/MAHLE";"replacement";"Замена";"forward";"BSG90130012";"BSG";"0,387";"4";"2026-10-06 13:46:52"
"KL75";"KNECHT/MAHLE";"replacement";"Замена";"forward";"DFFL180";"DYNAMATRIX-KOREA";\N;"4";"2026-10-06 13:46:52"
"KL75";"KNECHT/MAHLE";"replacement";"Замена";"forward";"DFFL75";"DYNAMATRIX-KOREA";"0,38";"4";"2026-10-06 13:46:52"
"KL75";"KNECHT/MAHLE";"replacement";"Замена";"forward";"GB6215";"BIG FILTER";"0,36";"4";"2026-10-06 13:46:52"
"KL75";"KNECHT/MAHLE";"replacement";"Замена";"forward";"1022920";"FORD";"0,38";"3";"2026-10-06 13:46:52"
"KL75";"KNECHT/MAHLE";"replacement";"Замена";"forward";"95VW9150BB";"FORD";"0,38";"3";"2026-10-06 13:46:52"
"KL75";"KNECHT/MAHLE";"replacement";"Замена";"forward";"XM219A011AB";"FORD";"0,41";"4";"2026-10-06 13:46:52"
"KL75";"KNECHT/MAHLE";"replacement";"Замена";"forward";"8424KFPCSMS";"MASTER-SPORT";\N;"4";"2026-10-06 13:46:52"
"KL75";"KNECHT/MAHLE";"replacement";"Замена";"forward";"FS3104";"SAKURA";"0,38";"5";"2026-10-06 13:46:52"
"KL75";"KNECHT/MAHLE";"replacement";"Замена";"forward";"587507";"VALEO";"0,382";"4";"2026-10-06 13:46:52"
"KL75";"KNECHT/MAHLE";"replacement";"Замена";"forward";"FF005328";"AUTOSFEC";"0,385";"4";"2026-10-06 13:46:52"
"KL75";"KNECHT/MAHLE";"replacement";"Замена";"forward";"SN5363";"JURA FILTRATION";\N;"4";"2026-10-06 13:46:52"
"KL75";"KNECHT/MAHLE";"replacement";"Замена";"forward";"SN563";"JURA FILTRATION";\N;"4";"2026-10-06 13:46:52"
"KL75";"KNECHT/MAHLE";"replacement";"Замена";"forward";"93156997";"GENERAL MOTORS";\N;"4";"2026-10-06 13:46:52"
"KL75";"KNECHT/MAHLE";"replacement";"Замена";"forward";"FF044";"FORTECH";"0,38";"4";"2026-10-06 13:46:52"
"KL75";"KNECHT/MAHLE";"replacement";"Замена";"forward";"FF055";"FORTECH";\N;"3";"2026-10-06 13:46:52"
"KL75";"KNECHT/MAHLE";"replacement";"Замена";"forward";"IPUF803";"INTERPARTS";"0,383";"4";"2026-10-06 13:46:52"
"KL75";"KNECHT/MAHLE";"replacement";"Замена";"forward";"IPUF825";"INTERPARTS";\N;"4";"2026-10-06 13:46:52"
"KL75";"KNECHT/MAHLE";"replacement";"Замена";"forward";"1030020";"METACO";"0,382";"4";"2026-10-06 13:46:52"
"KL75";"KNECHT/MAHLE";"replacement";"Замена";"forward";"E148105";"EUROREPAR";"0,387";"4";"2026-10-06 13:46:52"
"KL75";"KNECHT/MAHLE";"replacement";"Замена";"forward";"LF1010";"LYNX";"0,327";"4";"2026-10-06 13:46:52"
"KL75";"KNECHT/MAHLE";"replacement";"Замена";"forward";"TBE1009";"TATSUMI";"0,37";"4";"2026-10-06 13:46:52"
"KL75";"KNECHT/MAHLE";"replacement";"Замена";"forward";"FSD30003";"AZUMI";"0,37";"4";"2026-10-06 13:46:52"
"KL75";"KNECHT/MAHLE";"replacement";"Замена";"forward";"SR1089";"SUFIX";\N;"4";"2026-10-06 13:46:52"
"KL75";"KNECHT/MAHLE";"replacement";"Замена";"forward";"2100075SX";"STELLOX";"0,408";"4";"2026-10-06 13:46:52"
"KL75";"KNECHT/MAHLE";"replacement";"Замена";"forward";"SVY8424";"CARVILLERACING";"0,414";"4";"2026-10-06 13:46:52"
"KL75";"KNECHT/MAHLE";"replacement";"Замена";"forward";"GIR02009";"GANZ";"0,4";"4";"2026-10-06 13:46:52"
"KL75";"KNECHT/MAHLE";"replacement";"Замена";"forward";"FG704";"GOODWILL";"0,335";"4";"2026-10-06 13:46:52"
"KL75";"KNECHT/MAHLE";"replacement";"Замена";"forward";"D15402001";"FREY";\N;"4";"2026-10-06 13:46:52"
"KL75";"KNECHT/MAHLE";"replacement";"Замена";"forward";"FS0003";"JS ASAKASHI";"0,4";"4";"2026-10-06 13:46:52"
"KL75";"KNECHT/MAHLE";"replacement";"Замена";"forward";"SKFF0870017";"STARK";\N;"4";"2026-10-06 13:46:52"
"KL75";"KNECHT/MAHLE";"replacement";"Замена";"forward";"9F0018";"RIDEX";\N;"4";"2026-10-06 13:46:52"
"KL75";"KNECHT/MAHLE";"replacement";"Замена";"forward";"RS10231127";"RS RECORD";"0,362";"4";"2026-10-06 13:46:52"
"KL75";"KNECHT/MAHLE";"replacement";"Замена";"forward";"RS10231912";"RS RECORD";"0,359";"4";"2026-10-06 13:46:52"
"KL75";"KNECHT/MAHLE";"replacement";"Замена";"forward";"RS10232740";"RS RECORD";"0,36";"4";"2026-10-06 13:46:52"
"KL75";"KNECHT/MAHLE";"replacement";"Замена";"forward";"PF007";"FINWHALE";\N;"4";"2026-10-06 13:46:51"
"KL75";"KNECHT/MAHLE";"replacement";"Замена";"forward";"FN1041";"NORDFIL";\N;"4";"2026-10-06 13:46:52"
"KL75";"KNECHT/MAHLE";"replacement";"Замена";"forward";"FN1046";"NORDFIL";\N;"4";"2026-10-06 13:46:52"
"KL75";"KNECHT/MAHLE";"replacement";"Замена";"forward";"TF1482";"TOTACHI";\N;"4";"2026-10-06 13:46:52"
"KL75";"KNECHT/MAHLE";"replacement";"Замена";"forward";"AFF108";"ALPIC";\N;"4";"2026-10-06 13:46:52"
"KL75";"KNECHT/MAHLE";"replacement";"Замена";"forward";"LFF18302D";"LUZAR";"0,414";"4";"2026-10-06 13:46:52"
"KL75";"KNECHT/MAHLE";"replacement";"Замена";"forward";"151117";"NGN";\N;"4";"2026-10-06 13:46:53"
"KL75";"KNECHT/MAHLE";"replacement";"Замена";"forward";"FFWK8424E";"МОТОРДЕТАЛЬ";\N;"4";"2026-10-06 13:46:53"
"KL75";"KNECHT/MAHLE";"replacement";"Замена";"forward";"06812177B";"VAG";\N;"4";"2026-10-06 13:46:52"
"KL75";"KNECHT/MAHLE";"replacement";"Замена";"forward";"0681274011";"VAG";"0,62";"4";"2026-10-06 13:46:52"
"KL75";"KNECHT/MAHLE";"replacement";"Замена";"forward";"191127401A";"VAG";"0,36";"4";"2026-10-06 13:46:52"
"KL75";"KNECHT/MAHLE";"replacement";"Замена";"forward";"191127401B";"VAG";\N;"5";"2026-10-06 13:46:52"
"KL75";"KNECHT/MAHLE";"replacement";"Замена";"forward";"191127401E";"VAG";"1";"4";"2026-10-06 13:46:52"
"KL75";"KNECHT/MAHLE";"replacement";"Замена";"forward";"191127401J";"VAG";\N;"5";"2026-10-06 13:46:52"
"KL75";"KNECHT/MAHLE";"replacement";"Замена";"forward";"191127401L";"VAG";\N;"5";"2026-10-06 13:46:52"
"KL75";"KNECHT/MAHLE";"replacement";"Замена";"forward";"191127401M";"VAG";\N;"4";"2026-10-06 13:46:52"
"KL75";"KNECHT/MAHLE";"replacement";"Замена";"forward";"191127401N";"VAG";\N;"5";"2026-10-06 13:46:52"
"KL75";"KNECHT/MAHLE";"replacement";"Замена";"forward";"1H0127401";"VAG";\N;"3";"2026-10-06 13:46:51"
"KL75";"KNECHT/MAHLE";"replacement";"Замена";"forward";"1H0127401B";"VAG";\N;"5";"2026-10-06 13:46:52"
"KL75";"KNECHT/MAHLE";"replacement";"Замена";"forward";"1H0127401C";"VAG";"0,31";"4";"2026-10-06 13:46:52"
"KL75";"KNECHT/MAHLE";"replacement";"Замена";"forward";"1H0127401F";"VAG";\N;"4";"2026-10-06 13:46:52"
"KL75";"KNECHT/MAHLE";"replacement";"Замена";"forward";"1H0127401G";"VAG";\N;"5";"2026-10-06 13:46:52"
"KL75";"KNECHT/MAHLE";"replacement";"Замена";"forward";"1H0127401M";"VAG";\N;"4";"2026-10-06 13:46:52"
"KL75";"KNECHT/MAHLE";"replacement";"Замена";"forward";"2RD127177";"VAG";\N;"4";"2026-10-06 13:46:52"
"KL75";"KNECHT/MAHLE";"replacement";"Замена";"forward";"2TA127401";"VAG";\N;"4";"2026-10-06 13:46:52"
"KL75";"KNECHT/MAHLE";"replacement";"Замена";"forward";"681274011";"VAG";\N;"4";"2026-10-06 13:46:52"
"KL75";"KNECHT/MAHLE";"replacement";"Замена";"forward";"6N0127401C";"VAG";"0,29";"4";"2026-10-06 13:46:52"
"KL75";"KNECHT/MAHLE";"replacement";"Замена";"forward";"7M0127401B";"VAG";\N;"4";"2026-10-06 13:46:52"
"KL75";"KNECHT/MAHLE";"replacement";"Замена";"forward";"GN0127401C";"VAG";\N;"4";"2026-10-06 13:46:52"
"KL75";"KNECHT/MAHLE";"replacement";"Замена";"forward";"101300003";"AD";\N;"3";"2026-10-06 13:46:51"
"KL75";"KNECHT/MAHLE";"replacement";"Замена";"forward";"LKN1003";"LOGEM";\N;"3";"2026-10-06 13:46:51"
"KL75";"KNECHT/MAHLE";"replacement";"Замена";"forward";"FE012Z";"KLAXCAR FRANCE";"0,001";"4";"2026-10-06 13:46:52"
"KL75";"KNECHT/MAHLE";"replacement";"Замена";"forward";"ALG2055";"A.L. FILTER";\N;"4";"2026-10-06 13:46:52"
"KL75";"KNECHT/MAHLE";"replacement";"Замена";"forward";"ALG2255";"A.L. FILTER";\N;"4";"2026-10-06 13:46:52"
"KL75";"KNECHT/MAHLE";"replacement";"Замена";"forward";"030706161";"MONARK";\N;"4";"2026-10-06 13:46:52"
"KL75";"KNECHT/MAHLE";"replacement";"Замена";"forward";"30706161";"MONARK";\N;"4";"2026-10-06 13:46:52"
"KL75";"KNECHT/MAHLE";"replacement";"Замена";"forward";"307706161";"MONARK";\N;"4";"2026-10-06 13:46:52"
"KL75";"KNECHT/MAHLE";"replacement";"Замена";"forward";"18040084039";"KOSHIMO";\N;"4";"2026-10-06 13:46:52"
"KL75";"KNECHT/MAHLE";"replacement";"Замена";"forward";"FP5219";"SOGEFIPRO";\N;"4";"2026-10-06 13:46:52"
"KL75";"KNECHT/MAHLE";"replacement";"Замена";"forward";"FT5385";"SOGEFIPRO";\N;"4";"2026-10-06 13:46:52"
"KL75";"KNECHT/MAHLE";"replacement";"Замена";"forward";"B3W016PR";"JC PREMIUM";\N;"4";"2026-10-06 13:46:52"
"KL75";"KNECHT/MAHLE";"replacement";"Замена";"forward";"FK5844";"FI.BA FILTER";\N;"4";"2026-10-06 13:46:52"
"KL75";"KNECHT/MAHLE";"replacement";"Замена";"forward";"3012704011H0C";"DELLO";"0,377";"3";"2026-10-06 13:46:52"
"KL75";"KNECHT/MAHLE";"replacement";"Замена";"forward";"3012704016N0C";"DELLO";"0,4";"3";"2026-10-06 13:46:52"
"KL75";"KNECHT/MAHLE";"replacement";"Замена";"forward";"103764";"STARKE";\N;"3";"2026-10-06 13:46:52"
"KL75";"KNECHT/MAHLE";"replacement";"Замена";"forward";"103765";"STARKE";\N;"3";"2026-10-06 13:46:52"
"KL75";"KNECHT/MAHLE";"replacement";"Замена";"forward";"AK14DB";"KAYSER";\N;"4";"2026-10-06 13:46:52"
"KL75";"KNECHT/MAHLE";"replacement";"Замена";"forward";"PMFF916";"POWERTRAIN";\N;"4";"2026-10-06 13:46:52"
"KL75";"KNECHT/MAHLE";"replacement";"Замена";"forward";"9740000851";"EUROPART";\N;"4";"2026-10-06 13:46:52"
"KL75";"KNECHT/MAHLE";"replacement";"Замена";"forward";"9780008410";"EUROPART";\N;"4";"2026-10-06 13:46:52"
"KL75";"KNECHT/MAHLE";"replacement";"Замена";"forward";"9780008423";"EUROPART";\N;"4";"2026-10-06 13:46:52"
"KL75";"KNECHT/MAHLE";"replacement";"Замена";"forward";"8671002069";"MOTRIO";\N;"4";"2026-10-06 13:46:52"
"KL75";"KNECHT/MAHLE";"replacement";"Замена";"forward";"191127401A";"MULTICAR";\N;"4";"2026-10-06 13:46:52"
"KL75";"KNECHT/MAHLE";"replacement";"Замена";"forward";"191127401E";"FIAT/ALFA/LANCIA";\N;"4";"2026-10-06 13:46:52"
"KL75";"KNECHT/MAHLE";"replacement";"Замена";"forward";"VY8107";"VECO AUTOMOTIVE";\N;"3";"2026-10-06 13:46:52"
"KL75";"KNECHT/MAHLE";"replacement";"Замена";"forward";"BFF8036";"FIRST LINE";\N;"3";"2026-10-06 13:46:52"
"KL75";"KNECHT/MAHLE";"replacement";"Замена";"forward";"30706161";"DIESEL";\N;"3";"2026-10-06 13:46:52"
"KL75";"KNECHT/MAHLE";"replacement";"Замена";"forward";"L114";"FEDERAL";\N;"3";"2026-10-06 13:46:52"
"KL75";"KNECHT/MAHLE";"replacement";"Замена";"forward";"L120";"FEDERAL";\N;"3";"2026-10-06 13:46:52"
"KL75";"KNECHT/MAHLE";"replacement";"Замена";"forward";"127002";"AUTO TECHTEILE";\N;"4";"2026-10-06 13:46:52"
"KL75";"KNECHT/MAHLE";"replacement";"Замена";"forward";"BFF8036";"FIRST";\N;"4";"2026-10-06 13:46:52"
"KL75";"KNECHT/MAHLE";"replacement";"Замена";"forward";"FF118NY";"NAKAYAMA";\N;"4";"2026-10-06 13:46:52"
"KL75";"KNECHT/MAHLE";"replacement";"Замена";"forward";"WB103";"WUNDER FILTER";\N;"5";"2026-10-06 13:46:52"
"KL75";"KNECHT/MAHLE";"replacement";"Замена";"forward";"264312130";"FRAD";\N;"4";"2026-10-06 13:46:52"
"KL75";"KNECHT/MAHLE";"replacement";"Замена";"forward";"FGI159";"INTERFIL";\N;"4";"2026-10-06 13:46:52"
"KL75";"KNECHT/MAHLE";"replacement";"Замена";"forward";"SN5363";"JURA";\N;"4";"2026-10-06 13:46:52"
"KL75";"KNECHT/MAHLE";"replacement";"Замена";"forward";"SN563";"JURA";\N;"4";"2026-10-06 13:46:52"
"KL75";"KNECHT/MAHLE";"replacement";"Замена";"forward";"MP13";"G.U.D";\N;"4";"2026-10-06 13:46:52"
"KL75";"KNECHT/MAHLE";"replacement";"Замена";"forward";"3509";"NAPA";\N;"4";"2026-10-06 13:46:52"
"KL75";"KNECHT/MAHLE";"replacement";"Замена";"forward";"NFF2007";"NAPA";\N;"4";"2026-10-06 13:46:52"
"KL75";"KNECHT/MAHLE";"replacement";"Замена";"forward";"FCD2067";"WEGA";\N;"4";"2026-10-06 13:46:52"
"KL75";"KNECHT/MAHLE";"replacement";"Замена";"forward";"VY8107";"VECO";\N;"4";"2026-10-06 13:46:52"
"KL75";"KNECHT/MAHLE";"replacement";"Замена";"forward";"PSC4981";"TEC-FIL";\N;"4";"2026-10-06 13:46:52"
"KL75";"KNECHT/MAHLE";"replacement";"Замена";"forward";"11022046";"MEGAPOWER";"0,4";"4";"2026-10-06 13:46:52"
"KL75";"KNECHT/MAHLE";"replacement";"Замена";"forward";"VFD75";"VITANO";\N;"4";"2026-10-06 13:46:52"
"OP595";"FILTRON";"replacement";"Замена";"forward";"OC1566";"AM POINT";"0,21";"4";"2026-10-06 13:38:00"
"OP595";"FILTRON";"replacement";"Замена";"forward";"OC195";"AM POINT";"0,194";"4";"2026-10-06 13:38:00"
"OP595";"FILTRON";"replacement";"Замена";"forward";"OP637";"FILTRON";\N;"4";"2026-10-06 13:37:58"
"OP595";"FILTRON";"replacement";"Замена";"forward";"1520800Q1K";"NISSAN/INFINITI";"0,2";"4";"2026-10-06 13:38:00"
"OP595";"FILTRON";"replacement";"Замена";"forward";"152081HC0A";"NISSAN/INFINITI";"0,22";"4";"2026-10-06 13:37:57"
"OP595";"FILTRON";"replacement";"Замена";"forward";"1520831000";"NISSAN/INFINITI";\N;"4";"2026-10-06 13:37:57"
"OP595";"FILTRON";"replacement";"Замена";"forward";"1520831U00";"NISSAN/INFINITI";"0,2";"4";"2026-10-06 13:37:57"
"OP595";"FILTRON";"replacement";"Замена";"reverse";"1520831U01";"NISSAN/INFINITI";"0,2";"4";"2026-10-06 13:37:56"
"OP595";"FILTRON";"replacement";"Замена";"forward";"152083J400";"NISSAN/INFINITI";"0,3";"4";"2026-10-06 13:37:57"
"OP595";"FILTRON";"replacement";"Замена";"forward";"152083J400XX";"NISSAN/INFINITI";"0,3";"4";"2026-10-06 13:37:57"
"OP595";"FILTRON";"replacement";"Замена";"forward";"1520865F01";"NISSAN/INFINITI";"0,219";"4";"2026-10-06 13:37:57"
"OP595";"FILTRON";"replacement";"Замена";"reverse";"1520865F0B";"NISSAN/INFINITI";"0,18";"4";"2026-10-06 13:37:56"
"OP595";"FILTRON";"replacement";"Замена";"forward";"1520865F0C";"NISSAN/INFINITI";"0,18";"4";"2026-10-06 13:37:57"
"OP595";"FILTRON";"replacement";"Замена";"reverse";"1520865F0D";"NISSAN/INFINITI";"0,184";"4";"2026-10-06 13:37:56"
"OP595";"FILTRON";"replacement";"Замена";"forward";"1520865F0E";"NISSAN/INFINITI";"0,21";"4";"2026-10-06 13:37:59"
"OP595";"FILTRON";"replacement";"Замена";"forward";"1520865F10";"NISSAN/INFINITI";"0,235";"4";"2026-10-06 13:37:59"
"OP595";"FILTRON";"replacement";"Замена";"forward";"1520865F1B";"NISSAN/INFINITI";"0,19";"4";"2026-10-06 13:37:59"
"OP595";"FILTRON";"replacement";"Замена";"forward";"152087B000";"NISSAN/INFINITI";"0,265";"4";"2026-10-06 13:37:58"
"OP595";"FILTRON";"replacement";"Замена";"forward";"152088066R";"NISSAN/INFINITI";"0,228";"4";"2026-10-06 13:37:59"
"OP595";"FILTRON";"replacement";"Замена";"reverse";"1520895F0A";"NISSAN/INFINITI";"0,23";"3";"2026-10-06 13:37:56"
"OP595";"FILTRON";"replacement";"Замена";"forward";"152089E000";"NISSAN/INFINITI";"0,21";"4";"2026-10-06 13:37:57"
"OP595";"FILTRON";"replacement";"Замена";"forward";"152089E01A";"NISSAN/INFINITI";"0,225";"4";"2026-10-06 13:38:00"
"OP595";"FILTRON";"replacement";"Замена";"forward";"152089F600";"NISSAN/INFINITI";"0,224";"4";"2026-10-06 13:37:57"
"OP595";"FILTRON";"replacement";"Замена";"forward";"152089F60A";"NISSAN/INFINITI";"0,21";"4";"2026-10-06 13:37:59"
"OP595";"FILTRON";"replacement";"Замена";"forward";"15208KA010";"NISSAN/INFINITI";\N;"4";"2026-10-06 13:37:59"
"OP595";"FILTRON";"replacement";"Замена";"forward";"3139751X90";"NISSAN/INFINITI";"0,3";"3";"2026-10-06 13:37:58"
"OP595";"FILTRON";"replacement";"Замена";"forward";"7701053054";"NISSAN/INFINITI";\N;"4";"2026-10-06 13:37:59"
"OP595";"FILTRON";"replacement";"Замена";"forward";"A52089F60ARV";"NISSAN/INFINITI";"0,19";"4";"2026-10-06 13:38:00"
"OP595";"FILTRON";"replacement";"Замена";"forward";"A52089F60AVA";"NISSAN/INFINITI";"0,23";"4";"2026-10-06 13:38:00"
"OP595";"FILTRON";"replacement";"Замена";"reverse";"AY100NS004";"NISSAN/INFINITI";"0,18";"3";"2026-10-06 13:37:56"
"OP595";"FILTRON";"replacement";"Замена";"forward";"C139751X90";"NISSAN/INFINITI";"0,3";"3";"2026-10-06 13:37:58"
"OP595";"FILTRON";"replacement";"Замена";"forward";"KEY1V00001";"NISSAN/INFINITI";\N;"4";"2026-10-06 13:38:00"
"OP595";"FILTRON";"replacement";"Замена";"reverse";"022214300";"MAZDA";\N;"4";"2026-10-06 13:37:55"
"OP595";"FILTRON";"replacement";"Замена";"forward";"022223420A";"MAZDA";\N;"4";"2026-10-06 13:37:56"
"OP595";"FILTRON";"replacement";"Замена";"forward";"025614300";"MAZDA";\N;"3";"2026-10-06 13:37:58"
"OP595";"FILTRON";"replacement";"Замена";"reverse";"025914300";"MAZDA";\N;"4";"2026-10-06 13:37:55"
"OP595";"FILTRON";"replacement";"Замена";"reverse";"032414300";"MAZDA";"0,303";"4";"2026-10-06 13:37:55"
"OP595";"FILTRON";"replacement";"Замена";"reverse";"037023802";"MAZDA";"0,5";"4";"2026-10-06 13:37:55"
"OP595";"FILTRON";"replacement";"Замена";"forward";"037023803";"MAZDA";\N;"4";"2026-10-06 13:37:56"
"OP595";"FILTRON";"replacement";"Замена";"reverse";"077823802";"MAZDA";"0,229";"4";"2026-10-06 13:37:55"
"OP595";"FILTRON";"replacement";"Замена";"reverse";"081323802A";"MAZDA";\N;"4";"2026-10-06 13:37:55"
"OP595";"FILTRON";"replacement";"Замена";"reverse";"081323802B";"MAZDA";\N;"4";"2026-10-06 13:37:55"
"OP595";"FILTRON";"replacement";"Замена";"reverse";"086623802";"MAZDA";\N;"4";"2026-10-06 13:37:55"
"OP595";"FILTRON";"replacement";"Замена";"forward";"0B63114302";"MAZDA";\N;"4";"2026-10-06 13:37:59"
"OP595";"FILTRON";"replacement";"Замена";"forward";"22214300";"MAZDA";\N;"4";"2026-10-06 13:37:58"
"OP595";"FILTRON";"replacement";"Замена";"forward";"2630002501";"MAZDA";\N;"4";"2026-10-06 13:37:59"
"OP595";"FILTRON";"replacement";"Замена";"forward";"32414300";"MAZDA";\N;"4";"2026-10-06 13:37:59"
"OP595";"FILTRON";"replacement";"Замена";"forward";"37023802";"MAZDA";\N;"4";"2026-10-06 13:37:59"
"OP595";"FILTRON";"replacement";"Замена";"forward";"37023803";"MAZDA";\N;"4";"2026-10-06 13:37:59"
"OP595";"FILTRON";"replacement";"Замена";"forward";"4899143";"MAZDA";\N;"4";"2026-10-06 13:37:58"
"OP595";"FILTRON";"replacement";"Замена";"forward";"489914300";"MAZDA";\N;"4";"2026-10-06 13:37:56"
"OP595";"FILTRON";"replacement";"Замена";"forward";"77823802";"MAZDA";\N;"4";"2026-10-06 13:37:58"
"OP595";"FILTRON";"replacement";"Замена";"reverse";"817323802";"MAZDA";"0,35";"4";"2026-10-06 13:37:55"
"OP595";"FILTRON";"replacement";"Замена";"forward";"86623802";"MAZDA";\N;"4";"2026-10-06 13:37:59"
"OP595";"FILTRON";"replacement";"Замена";"forward";"8931567500";"MAZDA";\N;"4";"2026-10-06 13:37:59"
"OP595";"FILTRON";"replacement";"Замена";"reverse";"8FG123802";"MAZDA";\N;"4";"2026-10-06 13:37:55"
"OP595";"FILTRON";"replacement";"Замена";"forward";"8FG1238029A";"MAZDA";"0,35";"4";"2026-10-06 13:37:56"
"OP595";"FILTRON";"replacement";"Замена";"forward";"8FG123803";"MAZDA";\N;"4";"2026-10-06 13:37:56"
"OP595";"FILTRON";"replacement";"Замена";"reverse";"B35914302";"MAZDA";\N;"4";"2026-10-06 13:37:55"
"OP595";"FILTRON";"replacement";"Замена";"reverse";"B63014300";"MAZDA";\N;"4";"2026-10-06 13:37:55"
"OP595";"FILTRON";"replacement";"Замена";"reverse";"B63014302";"MAZDA";\N;"4";"2026-10-06 13:37:55"
"OP595";"FILTRON";"replacement";"Замена";"reverse";"B63114302";"MAZDA";"0,28";"4";"2026-10-06 13:37:55"
"OP595";"FILTRON";"replacement";"Замена";"reverse";"B63114302A";"MAZDA";"0,22";"4";"2026-10-06 13:37:55"
"OP595";"FILTRON";"replacement";"Замена";"forward";"B65114302";"MAZDA";\N;"4";"2026-10-06 13:37:56"
"OP595";"FILTRON";"replacement";"Замена";"reverse";"B6Y014300";"MAZDA";\N;"4";"2026-10-06 13:37:55"
"OP595";"FILTRON";"replacement";"Замена";"forward";"B6Y014302A";"MAZDA";\N;"3";"2026-10-06 13:37:58"
"OP595";"FILTRON";"replacement";"Замена";"reverse";"B6Y114302";"MAZDA";"0,2";"4";"2026-10-06 13:37:55"
"OP595";"FILTRON";"replacement";"Замена";"forward";"B6Y1143029A";"MAZDA";"0,208";"4";"2026-10-06 13:37:56"
"OP595";"FILTRON";"replacement";"Замена";"reverse";"B6Y114302A";"MAZDA";"0,2";"4";"2026-10-06 13:37:55"
"OP595";"FILTRON";"replacement";"Замена";"forward";"B6Y114302A9A";"MAZDA";\N;"4";"2026-10-06 13:37:56"
"OP595";"FILTRON";"replacement";"Замена";"forward";"B6YI14302";"MAZDA";\N;"4";"2026-10-06 13:37:56"
"OP595";"FILTRON";"replacement";"Замена";"forward";"B6YL14302";"MAZDA";\N;"4";"2026-10-06 13:38:00"
"OP595";"FILTRON";"replacement";"Замена";"reverse";"F2Y014302A";"MAZDA";"0,2";"4";"2026-10-06 13:37:55"
"OP595";"FILTRON";"replacement";"Замена";"reverse";"F80223802";"MAZDA";"0,406";"4";"2026-10-06 13:37:55"
"OP595";"FILTRON";"replacement";"Замена";"forward";"F802238029A";"MAZDA";"0,375";"4";"2026-10-06 13:37:56"
"OP595";"FILTRON";"replacement";"Замена";"reverse";"FE3R14302";"MAZDA";"1,93";"4";"2026-10-06 13:37:55"
"OP595";"FILTRON";"replacement";"Замена";"reverse";"FEY014302";"MAZDA";"0,3";"4";"2026-10-06 13:37:55"
"OP595";"FILTRON";"replacement";"Замена";"forward";"FEY0143029A";"MAZDA";"0,34";"4";"2026-10-06 13:37:56"
"OP595";"FILTRON";"replacement";"Замена";"forward";"FEYO14302";"MAZDA";\N;"4";"2026-10-06 13:37:56"
"OP595";"FILTRON";"replacement";"Замена";"forward";"FEYO143029A";"MAZDA";\N;"4";"2026-10-06 13:37:56"
"OP595";"FILTRON";"replacement";"Замена";"reverse";"HE1923802";"MAZDA";\N;"4";"2026-10-06 13:37:55"
"OP595";"FILTRON";"replacement";"Замена";"reverse";"JE1514302";"MAZDA";"0,26";"4";"2026-10-06 13:37:55"
"OP595";"FILTRON";"replacement";"Замена";"forward";"JE81344000";"MAZDA";\N;"4";"2026-10-06 13:37:58"
"OP595";"FILTRON";"replacement";"Замена";"reverse";"JEY014302";"MAZDA";"0,24";"4";"2026-10-06 13:37:55"
"OP595";"FILTRON";"replacement";"Замена";"reverse";"JEY014302A";"MAZDA";"0,24";"4";"2026-10-06 13:37:55"
"OP595";"FILTRON";"replacement";"Замена";"reverse";"N23123802";"MAZDA";"0,3";"4";"2026-10-06 13:37:55"
"OP595";"FILTRON";"replacement";"Замена";"reverse";"N35014302";"MAZDA";"0,213";"4";"2026-10-06 13:37:55"
"OP595";"FILTRON";"replacement";"Замена";"reverse";"N3Y614302";"MAZDA";"0,5";"4";"2026-10-06 13:37:55"
"OP595";"FILTRON";"replacement";"Замена";"forward";"PE0114302";"MAZDA";"0,2";"3";"2026-10-06 13:37:58"
"OP595";"FILTRON";"replacement";"Замена";"forward";"PE0114302A";"MAZDA";"0,225";"3";"2026-10-06 13:37:58"
"OP595";"FILTRON";"replacement";"Замена";"reverse";"PEY014302";"MAZDA";\N;"4";"2026-10-06 13:37:55"
"OP595";"FILTRON";"replacement";"Замена";"forward";"PEYO14302";"MAZDA";\N;"4";"2026-10-06 13:37:56"
"OP595";"FILTRON";"replacement";"Замена";"reverse";"1230A040";"MITSUBISHI";"0,18";"4";"2026-10-06 13:37:56"
"OP595";"FILTRON";"replacement";"Замена";"forward";"420335410";"MITSUBISHI";\N;"4";"2026-10-06 13:37:59"
"OP595";"FILTRON";"replacement";"Замена";"reverse";"MD017440";"MITSUBISHI";"0,3";"4";"2026-10-06 13:37:56"
"OP595";"FILTRON";"replacement";"Замена";"reverse";"MD134953";"MITSUBISHI";"0,2";"4";"2026-10-06 13:37:56"
"OP595";"FILTRON";"replacement";"Замена";"reverse";"MD348631";"MITSUBISHI";"0,2";"4";"2026-10-06 13:37:55"
"OP595";"FILTRON";"replacement";"Замена";"forward";"MQ004802";"MITSUBISHI";\N;"4";"2026-10-06 13:38:00"
"OP595";"FILTRON";"replacement";"Замена";"forward";"MQ007389";"MITSUBISHI";\N;"4";"2026-10-06 13:38:00"
"OP595";"FILTRON";"replacement";"Замена";"reverse";"MR984204";"MITSUBISHI";"0,26";"3";"2026-10-06 13:37:56"
"OP595";"FILTRON";"replacement";"Замена";"reverse";"15208AA020";"SUBARU";"0,28";"4";"2026-10-06 13:37:55"
"OP595";"FILTRON";"replacement";"Замена";"reverse";"15208AA021";"SUBARU";"0,282";"4";"2026-10-06 13:37:55"
"OP595";"FILTRON";"replacement";"Замена";"reverse";"15208AA022";"SUBARU";"0,348";"4";"2026-10-06 13:37:55"
"OP595";"FILTRON";"replacement";"Замена";"reverse";"15208AA023";"SUBARU";"0,39";"4";"2026-10-06 13:37:55"
"OP595";"FILTRON";"replacement";"Замена";"reverse";"15208AA024";"SUBARU";"0,28";"4";"2026-10-06 13:37:55"
"OP595";"FILTRON";"replacement";"Замена";"reverse";"15208AA030";"SUBARU";"0,369";"4";"2026-10-06 13:37:55"
"OP595";"FILTRON";"replacement";"Замена";"reverse";"15208AA031";"SUBARU";"0,31";"4";"2026-10-06 13:37:55"
"OP595";"FILTRON";"replacement";"Замена";"forward";"15208AA060";"SUBARU";"0,232";"4";"2026-10-06 13:37:56"
"OP595";"FILTRON";"replacement";"Замена";"reverse";"15208AA080";"SUBARU";"0,23";"4";"2026-10-06 13:37:55"
"OP595";"FILTRON";"replacement";"Замена";"reverse";"15208AA100";"SUBARU";"0,23";"4";"2026-10-06 13:37:55"
"OP595";"FILTRON";"replacement";"Замена";"forward";"15208AA12A";"SUBARU";"0,155";"4";"2026-10-06 13:37:57"
"OP595";"FILTRON";"replacement";"Замена";"reverse";"15208KA000";"SUBARU";"0,22";"4";"2026-10-06 13:37:55"
"OP595";"FILTRON";"replacement";"Замена";"reverse";"15208KA010";"SUBARU";"0,21";"4";"2026-10-06 13:37:55"
"OP595";"FILTRON";"replacement";"Замена";"reverse";"15208KA011";"SUBARU";"0,2";"4";"2026-10-06 13:37:55"
"OP595";"FILTRON";"replacement";"Замена";"reverse";"15208KA012";"SUBARU";"0,2";"4";"2026-10-06 13:37:55"
"OP595";"FILTRON";"replacement";"Замена";"reverse";"15208KA050";"SUBARU";"0,175";"4";"2026-10-06 13:37:55"
"OP595";"FILTRON";"replacement";"Замена";"reverse";"420335400";"SUBARU";"0,36";"4";"2026-10-06 13:37:55"
"OP595";"FILTRON";"replacement";"Замена";"reverse";"420335410";"SUBARU";"0,35";"4";"2026-10-06 13:37:55"
"OP595";"FILTRON";"replacement";"Замена";"reverse";"420335500";"SUBARU";"0,375";"4";"2026-10-06 13:37:55"
"OP595";"FILTRON";"replacement";"Замена";"forward";"SOA5165108";"SUBARU";"0,272";"3";"2026-10-06 13:37:58"
"OP595";"FILTRON";"replacement";"Замена";"reverse";"T3154";"MICRO";"0,24";"4";"2026-10-06 13:37:56"
"OP595";"FILTRON";"replacement";"Замена";"reverse";"T59";"MICRO";\N;"4";"2026-10-06 13:37:55"
"OP595";"FILTRON";"replacement";"Замена";"reverse";"T600";"MICRO";"0,237";"4";"2026-10-06 13:37:55"
"OP595";"FILTRON";"replacement";"Замена";"reverse";"T601";"MICRO";"0,314";"4";"2026-10-06 13:37:55"
"OP595";"FILTRON";"replacement";"Замена";"reverse";"T61";"MICRO";"0,24";"4";"2026-10-06 13:37:56"
"OP595";"FILTRON";"replacement";"Замена";"reverse";"T7316";"MICRO";"0,34";"4";"2026-10-06 13:37:55"
"OP595";"FILTRON";"replacement";"Замена";"forward";"T8306";"MICRO";"0,24";"4";"2026-10-06 13:37:59"
"OP595";"FILTRON";"replacement";"Замена";"reverse";"C218";"UNION";"0,225";"4";"2026-10-06 13:37:55"
"OP595";"FILTRON";"replacement";"Замена";"forward";"C410";"UNION";\N;"4";"2026-10-06 13:37:57"
"OP595";"FILTRON";"replacement";"Замена";"forward";"C411";"UNION";\N;"4";"2026-10-06 13:37:56"
"OP595";"FILTRON";"replacement";"Замена";"forward";"C420";"UNION";\N;"4";"2026-10-06 13:37:56"
"OP595";"FILTRON";"replacement";"Замена";"forward";"C430";"UNION";\N;"4";"2026-10-06 13:37:56"
"OP595";"FILTRON";"replacement";"Замена";"forward";"C431";"UNION";"0,206";"4";"2026-10-06 13:37:56"
"OP595";"FILTRON";"replacement";"Замена";"reverse";"C560";"UNION";"0,245";"4";"2026-10-06 13:37:55"
"OP595";"FILTRON";"replacement";"Замена";"reverse";"C830";"UNION";"0,206";"4";"2026-10-06 13:37:55"
"OP595";"FILTRON";"replacement";"Замена";"reverse";"C840";"UNION";"0,3";"4";"2026-10-06 13:37:55"
"OP595";"FILTRON";"replacement";"Замена";"reverse";"C224";"VIC";"0,219";"4";"2026-10-06 13:37:55"
"OP595";"FILTRON";"replacement";"Замена";"forward";"C304";"VIC";"0,315";"4";"2026-10-06 13:37:56"
"OP595";"FILTRON";"replacement";"Замена";"reverse";"C307";"VIC";"0,323";"4";"2026-10-06 13:37:55"
"OP595";"FILTRON";"replacement";"Замена";"forward";"C406";"VIC";"0,44";"4";"2026-10-06 13:37:56"
"OP595";"FILTRON";"replacement";"Замена";"reverse";"C806";"VIC";"0,1";"4";"2026-10-06 13:37:56"
"OP595";"FILTRON";"replacement";"Замена";"reverse";"C808";"VIC";"0,21";"4";"2026-10-06 13:37:55"
"OP595";"FILTRON";"replacement";"Замена";"reverse";"C901";"VIC";"0,22";"4";"2026-10-06 13:37:55"
"OP595";"FILTRON";"replacement";"Замена";"reverse";"C902";"VIC";"0,312";"4";"2026-10-06 13:37:55"
"OP595";"FILTRON";"replacement";"Замена";"forward";"O401";"VIC";\N;"4";"2026-10-06 13:37:56"
"OP595";"FILTRON";"replacement";"Замена";"reverse";"0451103275";"BOSCH";"0,336";"4";"2026-10-06 13:37:55"
"OP595";"FILTRON";"replacement";"Замена";"forward";"0451104068";"BOSCH";"0,228";"4";"2026-10-06 13:37:56"
"OP595";"FILTRON";"replacement";"Замена";"forward";"0451104509";"BOSCH";"0,206";"4";"2026-10-06 13:37:56"
"OP595";"FILTRON";"replacement";"Замена";"reverse";"0986452061";"BOSCH";"0,244";"4";"2026-10-06 13:37:55"
"OP595";"FILTRON";"replacement";"Замена";"forward";"0986452610";"BOSCH";\N;"3";"2026-10-06 13:37:58"
"OP595";"FILTRON";"replacement";"Замена";"forward";"0986452614";"BOSCH";\N;"4";"2026-10-06 13:37:56"
"OP595";"FILTRON";"replacement";"Замена";"forward";"0986AF0063";"BOSCH";\N;"4";"2026-10-06 13:37:58"
"OP595";"FILTRON";"replacement";"Замена";"forward";"0986AF0203";"BOSCH";\N;"4";"2026-10-06 13:37:58"
"OP595";"FILTRON";"replacement";"Замена";"forward";"0986AF1039";"BOSCH";"0,238";"4";"2026-10-06 13:37:58"
"OP595";"FILTRON";"replacement";"Замена";"forward";"0986AF1070";"BOSCH";\N;"4";"2026-10-06 13:37:58"
"OP595";"FILTRON";"replacement";"Замена";"forward";"1457437001";"BOSCH";"0,383";"4";"2026-10-06 13:37:59"
"OP595";"FILTRON";"replacement";"Замена";"forward";"72182";"BOSCH";\N;"3";"2026-10-06 13:37:58"
"OP595";"FILTRON";"replacement";"Замена";"forward";"9000022168";"BOSCH";\N;"4";"2026-10-06 13:37:56"
"OP595";"FILTRON";"replacement";"Замена";"forward";"9000022186";"BOSCH";\N;"4";"2026-10-06 13:37:56"
"OP595";"FILTRON";"replacement";"Замена";"forward";"9000022187";"BOSCH";\N;"4";"2026-10-06 13:37:56"
"OP595";"FILTRON";"replacement";"Замена";"forward";"9000022188";"BOSCH";\N;"4";"2026-10-06 13:37:56"
"OP595";"FILTRON";"replacement";"Замена";"forward";"9000022189";"BOSCH";\N;"4";"2026-10-06 13:37:56"
"OP595";"FILTRON";"replacement";"Замена";"forward";"9000022714";"BOSCH";\N;"4";"2026-10-06 13:37:56"
"OP595";"FILTRON";"replacement";"Замена";"forward";"9000022729";"BOSCH";\N;"4";"2026-10-06 13:37:56"
"OP595";"FILTRON";"replacement";"Замена";"forward";"BN8";"BOSCH";\N;"3";"2026-10-06 13:37:57"
"OP595";"FILTRON";"replacement";"Замена";"forward";"BT10";"BOSCH";\N;"3";"2026-10-06 13:37:57"
"OP595";"FILTRON";"replacement";"Замена";"forward";"F00E369836";"BOSCH";\N;"4";"2026-10-06 13:37:58"
"OP595";"FILTRON";"replacement";"Замена";"reverse";"F026407001";"BOSCH";"0,239";"4";"2026-10-06 13:37:55"
"OP595";"FILTRON";"replacement";"Замена";"forward";"F026407209";"BOSCH";"0,3";"4";"2026-10-06 13:37:59"
"OP595";"FILTRON";"replacement";"Замена";"forward";"P2061";"BOSCH";\N;"4";"2026-10-06 13:37:56"
"OP595";"FILTRON";"replacement";"Замена";"forward";"P3275";"BOSCH";\N;"4";"2026-10-06 13:37:56"
"OP595";"FILTRON";"replacement";"Замена";"forward";"P7001";"BOSCH";\N;"4";"2026-10-06 13:37:56"
"OP595";"FILTRON";"replacement";"Замена";"reverse";"PF1237";"ACDELCO";\N;"4";"2026-10-06 13:37:55"
"OP595";"FILTRON";"replacement";"Замена";"reverse";"PF57";"ACDELCO";\N;"4";"2026-10-06 13:37:55"
"OP595";"FILTRON";"replacement";"Замена";"forward";"X165";"ACDELCO";\N;"4";"2026-10-06 13:37:57"
"OP595";"FILTRON";"replacement";"Замена";"reverse";"X4013E";"ACDELCO";\N;"4";"2026-10-06 13:37:55"
"OP595";"FILTRON";"replacement";"Замена";"forward";"X4063E";"ACDELCO";\N;"4";"2026-10-06 13:37:57"
"OP595";"FILTRON";"replacement";"Замена";"reverse";"H13W03";"HENGST FILTER";\N;"4";"2026-10-06 13:37:55"
"OP595";"FILTRON";"replacement";"Замена";"reverse";"H97W03";"HENGST FILTER";\N;"4";"2026-10-06 13:37:55"
"OP595";"FILTRON";"replacement";"Замена";"reverse";"H97W06";"HENGST FILTER";"0,23";"4";"2026-10-06 13:37:55"
"OP595";"FILTRON";"replacement";"Замена";"reverse";"LS301";"PURFLUX";"0,215";"3";"2026-10-06 13:37:56"
"OP595";"FILTRON";"replacement";"Замена";"reverse";"LS892";"PURFLUX";"0,216";"4";"2026-10-06 13:37:55"
"OP595";"FILTRON";"replacement";"Замена";"forward";"DG6607";"FRAM";\N;"4";"2026-10-06 13:37:58"
"OP595";"FILTRON";"replacement";"Замена";"forward";"HM3593A";"FRAM";\N;"4";"2026-10-06 13:37:58"
"OP595";"FILTRON";"replacement";"Замена";"forward";"PH11275";"FRAM";"0,213";"4";"2026-10-06 13:37:57"
"OP595";"FILTRON";"replacement";"Замена";"reverse";"PH4998";"FRAM";"0,218";"4";"2026-10-06 13:37:55"
"OP595";"FILTRON";"replacement";"Замена";"reverse";"PH5280";"FRAM";"0,283";"4";"2026-10-06 13:37:56"
"OP595";"FILTRON";"replacement";"Замена";"forward";"PH5541";"FRAM";\N;"4";"2026-10-06 13:37:56"
"OP595";"FILTRON";"replacement";"Замена";"reverse";"PH5594";"FRAM";\N;"4";"2026-10-06 13:37:55"
"OP595";"FILTRON";"replacement";"Замена";"reverse";"PH5594A";"FRAM";"0,215";"4";"2026-10-06 13:37:56"
"OP595";"FILTRON";"replacement";"Замена";"reverse";"PH6607";"FRAM";\N;"4";"2026-10-06 13:37:56"
"OP595";"FILTRON";"replacement";"Замена";"forward";"TG3593A";"FRAM";\N;"4";"2026-10-06 13:37:58"
"OP595";"FILTRON";"replacement";"Замена";"forward";"TG6607";"FRAM";\N;"4";"2026-10-06 13:37:58"
"OP595";"FILTRON";"replacement";"Замена";"forward";"TG9688";"FRAM";\N;"4";"2026-10-06 13:37:58"
"OP595";"FILTRON";"replacement";"Замена";"forward";"XG3593A";"FRAM";\N;"4";"2026-10-06 13:37:58"
"OP595";"FILTRON";"replacement";"Замена";"reverse";"R193";"TECNOCAR";\N;"4";"2026-10-06 13:37:55"
"OP595";"FILTRON";"replacement";"Замена";"reverse";"R205";"TECNOCAR";\N;"4";"2026-10-06 13:37:55"
"OP595";"FILTRON";"replacement";"Замена";"reverse";"R215";"TECNOCAR";\N;"4";"2026-10-06 13:37:55"
"OP595";"FILTRON";"replacement";"Замена";"reverse";"R96";"TECNOCAR";\N;"4";"2026-10-06 13:37:55"
"OP595";"FILTRON";"replacement";"Замена";"forward";"61510";"MAPCO";\N;"4";"2026-10-06 13:37:56"
"OP595";"FILTRON";"replacement";"Замена";"reverse";"61557";"MAPCO";"0,217";"4";"2026-10-06 13:37:55"
"OP595";"FILTRON";"replacement";"Замена";"reverse";"16143220002";"MEYLE";"0,26";"3";"2026-10-06 13:37:56"
"OP595";"FILTRON";"replacement";"Замена";"forward";"34143220001";"MEYLE";"0,31";"4";"2026-10-06 13:37:58"
"OP595";"FILTRON";"replacement";"Замена";"forward";"34143220002";"MEYLE";"0,22";"4";"2026-10-06 13:37:58"
"OP595";"FILTRON";"replacement";"Замена";"reverse";"35143220000";"MEYLE";"0,242";"4";"2026-10-06 13:37:55"
"OP595";"FILTRON";"replacement";"Замена";"forward";"35143220005";"MEYLE";\N;"4";"2026-10-06 13:37:58"
"OP595";"FILTRON";"replacement";"Замена";"forward";"35143220006";"MEYLE";\N;"4";"2026-10-06 13:37:58"
"OP595";"FILTRON";"replacement";"Замена";"forward";"36143220008";"MEYLE";"0,22";"4";"2026-10-06 13:37:58"
"OP595";"FILTRON";"replacement";"Замена";"reverse";"FO011A";"AMC";"0,34";"4";"2026-10-06 13:37:55"
"OP595";"FILTRON";"replacement";"Замена";"forward";"FO012";"AMC";\N;"4";"2026-10-06 13:37:57"
"OP595";"FILTRON";"replacement";"Замена";"reverse";"FO012A";"AMC";\N;"4";"2026-10-06 13:37:55"
"OP595";"FILTRON";"replacement";"Замена";"forward";"HO523";"AMC";\N;"4";"2026-10-06 13:37:58"
"OP595";"FILTRON";"replacement";"Замена";"reverse";"HO606";"AMC";\N;"4";"2026-10-06 13:37:55"
"OP595";"FILTRON";"replacement";"Замена";"reverse";"HO610";"AMC";\N;"4";"2026-10-06 13:37:55"
"OP595";"FILTRON";"replacement";"Замена";"reverse";"HO821";"AMC";\N;"4";"2026-10-06 13:37:55"
"OP595";"FILTRON";"replacement";"Замена";"reverse";"MO429";"AMC";"0,313";"4";"2026-10-06 13:37:56"
"OP595";"FILTRON";"replacement";"Замена";"reverse";"MO520";"AMC";\N;"4";"2026-10-06 13:37:55"
"OP595";"FILTRON";"replacement";"Замена";"reverse";"NO2223";"AMC";"0,225";"4";"2026-10-06 13:37:55"
"OP595";"FILTRON";"replacement";"Замена";"forward";"NO2233";"AMC";\N;"4";"2026-10-06 13:37:58"
"OP595";"FILTRON";"replacement";"Замена";"forward";"FO018S";"JAPANPARTS";\N;"4";"2026-10-06 13:37:58"
"OP595";"FILTRON";"replacement";"Замена";"forward";"FO120";"JAPANPARTS";\N;"4";"2026-10-06 13:37:56"
"OP595";"FILTRON";"replacement";"Замена";"reverse";"FO120S";"JAPANPARTS";"0,21";"4";"2026-10-06 13:37:55"
"OP595";"FILTRON";"replacement";"Замена";"forward";"FO197";"JAPANPARTS";\N;"4";"2026-10-06 13:37:56"
"OP595";"FILTRON";"replacement";"Замена";"forward";"FO197S";"JAPANPARTS";\N;"4";"2026-10-06 13:37:56"
"OP595";"FILTRON";"replacement";"Замена";"forward";"FO300";"JAPANPARTS";\N;"4";"2026-10-06 13:37:56"
"OP595";"FILTRON";"replacement";"Замена";"forward";"FO301";"JAPANPARTS";\N;"4";"2026-10-06 13:37:56"
"OP595";"FILTRON";"replacement";"Замена";"forward";"FO301S";"JAPANPARTS";\N;"4";"2026-10-06 13:37:56"
"OP595";"FILTRON";"replacement";"Замена";"forward";"FO302";"JAPANPARTS";\N;"4";"2026-10-06 13:37:56"
"OP595";"FILTRON";"replacement";"Замена";"forward";"FO302S";"JAPANPARTS";\N;"4";"2026-10-06 13:37:56"
"OP595";"FILTRON";"replacement";"Замена";"forward";"FO303";"JAPANPARTS";\N;"4";"2026-10-06 13:37:56"
"OP595";"FILTRON";"replacement";"Замена";"forward";"FO303S";"JAPANPARTS";\N;"4";"2026-10-06 13:37:56"
"OP595";"FILTRON";"replacement";"Замена";"forward";"FO304";"JAPANPARTS";\N;"4";"2026-10-06 13:37:56"
"OP595";"FILTRON";"replacement";"Замена";"forward";"FO313";"JAPANPARTS";\N;"4";"2026-10-06 13:37:56"
"OP595";"FILTRON";"replacement";"Замена";"reverse";"FO313S";"JAPANPARTS";"0,21";"4";"2026-10-06 13:37:55"
"OP595";"FILTRON";"replacement";"Замена";"reverse";"FO315S";"JAPANPARTS";\N;"4";"2026-10-06 13:37:55"
"OP595";"FILTRON";"replacement";"Замена";"forward";"FO392";"JAPANPARTS";\N;"4";"2026-10-06 13:37:56"
"OP595";"FILTRON";"replacement";"Замена";"forward";"FO392S";"JAPANPARTS";\N;"4";"2026-10-06 13:37:56"
"OP595";"FILTRON";"replacement";"Замена";"forward";"FO593";"JAPANPARTS";\N;"4";"2026-10-06 13:37:56"
"OP595";"FILTRON";"replacement";"Замена";"reverse";"FO593S";"JAPANPARTS";"0,215";"4";"2026-10-06 13:37:55"
"OP595";"FILTRON";"replacement";"Замена";"forward";"FO703";"JAPANPARTS";\N;"4";"2026-10-06 13:37:56"
"OP595";"FILTRON";"replacement";"Замена";"reverse";"FO703S";"JAPANPARTS";"0,285";"4";"2026-10-06 13:37:55"
"OP595";"FILTRON";"replacement";"Замена";"forward";"FO704";"JAPANPARTS";\N;"4";"2026-10-06 13:37:56"
"OP595";"FILTRON";"replacement";"Замена";"forward";"FO704S";"JAPANPARTS";\N;"4";"2026-10-06 13:37:56"
"OP595";"FILTRON";"replacement";"Замена";"forward";"FO705";"JAPANPARTS";\N;"4";"2026-10-06 13:37:56"
"OP595";"FILTRON";"replacement";"Замена";"reverse";"FO705S";"JAPANPARTS";"0,285";"4";"2026-10-06 13:37:55"
"OP595";"FILTRON";"replacement";"Замена";"forward";"FOK01";"JAPANPARTS";\N;"4";"2026-10-06 13:37:56"
"OP595";"FILTRON";"replacement";"Замена";"reverse";"FOK01S";"JAPANPARTS";\N;"4";"2026-10-06 13:37:56"
"OP595";"FILTRON";"replacement";"Замена";"forward";"JFO120";"JAPANPARTS";\N;"4";"2026-10-06 13:37:56"
"OP595";"FILTRON";"replacement";"Замена";"reverse";"JFO120S";"JAPANPARTS";\N;"4";"2026-10-06 13:37:56"
"OP595";"FILTRON";"replacement";"Замена";"forward";"JFO197";"JAPANPARTS";\N;"4";"2026-10-06 13:37:56"
"OP595";"FILTRON";"replacement";"Замена";"forward";"JFO197S";"JAPANPARTS";\N;"4";"2026-10-06 13:37:56"
"OP595";"FILTRON";"replacement";"Замена";"forward";"JFO300";"JAPANPARTS";\N;"4";"2026-10-06 13:37:56"
"OP595";"FILTRON";"replacement";"Замена";"forward";"JFO301";"JAPANPARTS";\N;"4";"2026-10-06 13:37:56"
"OP595";"FILTRON";"replacement";"Замена";"forward";"JFO301S";"JAPANPARTS";\N;"4";"2026-10-06 13:37:56"
"OP595";"FILTRON";"replacement";"Замена";"forward";"JFO302";"JAPANPARTS";\N;"4";"2026-10-06 13:37:56"
"OP595";"FILTRON";"replacement";"Замена";"forward";"JFO302S";"JAPANPARTS";\N;"4";"2026-10-06 13:37:56"
"OP595";"FILTRON";"replacement";"Замена";"forward";"JFO303";"JAPANPARTS";\N;"4";"2026-10-06 13:37:56"
"OP595";"FILTRON";"replacement";"Замена";"forward";"JFO303S";"JAPANPARTS";\N;"4";"2026-10-06 13:37:56"
"OP595";"FILTRON";"replacement";"Замена";"forward";"JFO304";"JAPANPARTS";\N;"4";"2026-10-06 13:37:56"
"OP595";"FILTRON";"replacement";"Замена";"reverse";"JFO307S";"JAPANPARTS";\N;"4";"2026-10-06 13:37:56"
"OP595";"FILTRON";"replacement";"Замена";"forward";"JFO313";"JAPANPARTS";\N;"4";"2026-10-06 13:37:56"
"OP595";"FILTRON";"replacement";"Замена";"reverse";"JFO313S";"JAPANPARTS";\N;"4";"2026-10-06 13:37:56"
"OP595";"FILTRON";"replacement";"Замена";"reverse";"JFO315S";"JAPANPARTS";\N;"4";"2026-10-06 13:37:56"
"OP595";"FILTRON";"replacement";"Замена";"forward";"JFO392";"JAPANPARTS";\N;"4";"2026-10-06 13:37:56"
"OP595";"FILTRON";"replacement";"Замена";"forward";"JFO392S";"JAPANPARTS";\N;"4";"2026-10-06 13:37:56"
"OP595";"FILTRON";"replacement";"Замена";"forward";"JFO593";"JAPANPARTS";\N;"4";"2026-10-06 13:37:56"
"OP595";"FILTRON";"replacement";"Замена";"reverse";"JFO593S";"JAPANPARTS";\N;"4";"2026-10-06 13:37:56"
"OP595";"FILTRON";"replacement";"Замена";"forward";"JFO703";"JAPANPARTS";"0,319";"4";"2026-10-06 13:37:56"
"OP595";"FILTRON";"replacement";"Замена";"reverse";"JFO703S";"JAPANPARTS";\N;"4";"2026-10-06 13:37:56"
"OP595";"FILTRON";"replacement";"Замена";"forward";"JFO704";"JAPANPARTS";\N;"4";"2026-10-06 13:37:56"
"OP595";"FILTRON";"replacement";"Замена";"forward";"JFO704S";"JAPANPARTS";\N;"4";"2026-10-06 13:37:56"
"OP595";"FILTRON";"replacement";"Замена";"forward";"JFO705";"JAPANPARTS";\N;"4";"2026-10-06 13:37:56"
"OP595";"FILTRON";"replacement";"Замена";"reverse";"JFO705S";"JAPANPARTS";\N;"4";"2026-10-06 13:37:56"
"OP595";"FILTRON";"replacement";"Замена";"forward";"JFOK01";"JAPANPARTS";\N;"4";"2026-10-06 13:37:56"
"OP595";"FILTRON";"replacement";"Замена";"reverse";"JFOK01S";"JAPANPARTS";\N;"4";"2026-10-06 13:37:56"
"OP595";"FILTRON";"replacement";"Замена";"forward";"V260086";"VEMO (VAICO)";\N;"4";"2026-10-06 13:37:58"
"OP595";"FILTRON";"replacement";"Замена";"reverse";"V320017";"VEMO (VAICO)";\N;"4";"2026-10-06 13:37:55"
"OP595";"FILTRON";"replacement";"Замена";"reverse";"V630006";"VEMO (VAICO)";\N;"4";"2026-10-06 13:37:56"
"OP595";"FILTRON";"replacement";"Замена";"reverse";"DO836";"CLEAN FILTERS";"0,244";"4";"2026-10-06 13:37:55"
"OP595";"FILTRON";"replacement";"Замена";"reverse";"DO853";"CLEAN FILTERS";\N;"4";"2026-10-06 13:37:55"
"OP595";"FILTRON";"replacement";"Замена";"reverse";"DO853A";"CLEAN FILTERS";\N;"4";"2026-10-06 13:37:55"
"OP595";"FILTRON";"replacement";"Замена";"reverse";"DO854";"CLEAN FILTERS";\N;"4";"2026-10-06 13:37:55"
"OP595";"FILTRON";"replacement";"Замена";"forward";"DO854A";"CLEAN FILTERS";"0,252";"4";"2026-10-06 13:37:59"
"OP595";"FILTRON";"replacement";"Замена";"forward";"DO925A";"CLEAN FILTERS";\N;"3";"2026-10-06 13:37:58"
"OP595";"FILTRON";"replacement";"Замена";"reverse";"DO949";"CLEAN FILTERS";"0,233";"4";"2026-10-06 13:37:55"
"OP595";"FILTRON";"replacement";"Замена";"reverse";"SM134";"SCT";"0,2";"4";"2026-10-06 13:37:55"
"OP595";"FILTRON";"replacement";"Замена";"reverse";"SM166";"SCT";"0,278";"4";"2026-10-06 13:37:55"
"OP595";"FILTRON";"replacement";"Замена";"forward";"15131";"MEAT & DORIA";"0,23";"4";"2026-10-06 13:37:57"
"OP595";"FILTRON";"replacement";"Замена";"reverse";"151311";"MEAT & DORIA";\N;"4";"2026-10-06 13:37:55"
"OP595";"FILTRON";"replacement";"Замена";"reverse";"1513112";"MEAT & DORIA";\N;"4";"2026-10-06 13:37:55"
"OP595";"FILTRON";"replacement";"Замена";"reverse";"151317";"MEAT & DORIA";\N;"4";"2026-10-06 13:37:55"
"OP595";"FILTRON";"replacement";"Замена";"reverse";"15411";"MEAT & DORIA";"0,303";"4";"2026-10-06 13:37:55"
"OP595";"FILTRON";"replacement";"Замена";"reverse";"J1310303";"NIPPARTS";"0,227";"4";"2026-10-06 13:37:55"
"OP595";"FILTRON";"replacement";"Замена";"forward";"J1310307";"NIPPARTS";\N;"4";"2026-10-06 13:37:56"
"OP595";"FILTRON";"replacement";"Замена";"forward";"J1311018";"NIPPARTS";\N;"4";"2026-10-06 13:37:56"
"OP595";"FILTRON";"replacement";"Замена";"reverse";"J1311026";"NIPPARTS";"0,204";"4";"2026-10-06 13:37:55"
"OP595";"FILTRON";"replacement";"Замена";"forward";"J1312005";"NIPPARTS";\N;"3";"2026-10-06 13:37:58"
"OP595";"FILTRON";"replacement";"Замена";"reverse";"J1312016";"NIPPARTS";"0,705";"3";"2026-10-06 13:37:56"
"OP595";"FILTRON";"replacement";"Замена";"reverse";"J1313000";"NIPPARTS";\N;"4";"2026-10-06 13:37:55"
"OP595";"FILTRON";"replacement";"Замена";"forward";"J1313001";"NIPPARTS";\N;"4";"2026-10-06 13:37:56"
"OP595";"FILTRON";"replacement";"Замена";"forward";"J1313007";"NIPPARTS";\N;"4";"2026-10-06 13:37:56"
"OP595";"FILTRON";"replacement";"Замена";"forward";"J1313013";"NIPPARTS";\N;"4";"2026-10-06 13:37:56"
"OP595";"FILTRON";"replacement";"Замена";"reverse";"J1313016";"NIPPARTS";"0,232";"4";"2026-10-06 13:37:55"
"OP595";"FILTRON";"replacement";"Замена";"reverse";"J1314014";"NIPPARTS";\N;"4";"2026-10-06 13:37:55"
"OP595";"FILTRON";"replacement";"Замена";"reverse";"J1317003";"NIPPARTS";"0,275";"3";"2026-10-06 13:37:56"
"OP595";"FILTRON";"replacement";"Замена";"reverse";"J1317004";"NIPPARTS";"0,21";"4";"2026-10-06 13:37:55"
"OP595";"FILTRON";"replacement";"Замена";"reverse";"J1317005";"NIPPARTS";"0,264";"4";"2026-10-06 13:37:55"
"OP595";"FILTRON";"replacement";"Замена";"forward";"J1317007";"NIPPARTS";\N;"4";"2026-10-06 13:37:56"
"OP595";"FILTRON";"replacement";"Замена";"reverse";"J1317008";"NIPPARTS";"0,201";"4";"2026-10-06 13:37:55"
"OP595";"FILTRON";"replacement";"Замена";"forward";"1000018";"ASHIKA";\N;"4";"2026-10-06 13:37:58"
"OP595";"FILTRON";"replacement";"Замена";"reverse";"1001120";"ASHIKA";"0,205";"4";"2026-10-06 13:37:55"
"OP595";"FILTRON";"replacement";"Замена";"forward";"1003307";"ASHIKA";"0,323";"4";"2026-10-06 13:37:58"
"OP595";"FILTRON";"replacement";"Замена";"reverse";"1003313";"ASHIKA";"0,214";"4";"2026-10-06 13:37:55"
"OP595";"FILTRON";"replacement";"Замена";"reverse";"1003315";"ASHIKA";\N;"4";"2026-10-06 13:37:55"
"OP595";"FILTRON";"replacement";"Замена";"reverse";"1005593";"ASHIKA";\N;"4";"2026-10-06 13:37:55"
"OP595";"FILTRON";"replacement";"Замена";"reverse";"1007703";"ASHIKA";\N;"4";"2026-10-06 13:37:55"
"OP595";"FILTRON";"replacement";"Замена";"reverse";"1007705";"ASHIKA";"0,26";"4";"2026-10-06 13:37:55"
"OP595";"FILTRON";"replacement";"Замена";"forward";"10K0001";"ASHIKA";\N;"4";"2026-10-06 13:37:56"
"OP595";"FILTRON";"replacement";"Замена";"forward";"08636326";"KNECHT/MAHLE";\N;"3";"2026-10-06 13:37:58"
"OP595";"FILTRON";"replacement";"Замена";"forward";"08636334";"KNECHT/MAHLE";\N;"3";"2026-10-06 13:37:58"
"OP595";"FILTRON";"replacement";"Замена";"reverse";"OC195";"KNECHT/MAHLE";"0,209";"4";"2026-10-06 13:37:55"
"OP595";"FILTRON";"replacement";"Замена";"forward";"OC285";"KNECHT/MAHLE";"0,314";"4";"2026-10-06 13:37:56"
"OP595";"FILTRON";"replacement";"Замена";"forward";"OC337";"KNECHT/MAHLE";\N;"4";"2026-10-06 13:37:58"
"OP595";"FILTRON";"replacement";"Замена";"reverse";"OC495";"KNECHT/MAHLE";"0,254";"3";"2026-10-06 13:37:56"
"OP595";"FILTRON";"replacement";"Замена";"forward";"OC576";"KNECHT/MAHLE";\N;"4";"2026-10-06 13:37:58"
"OP595";"FILTRON";"replacement";"Замена";"forward";"OC711";"KNECHT/MAHLE";"0,253";"3";"2026-10-06 13:37:57"
"OP595";"FILTRON";"replacement";"Замена";"forward";"OC980";"KNECHT/MAHLE";\N;"4";"2026-10-06 13:37:58"
"OP595";"FILTRON";"replacement";"Замена";"reverse";"BC1254";"PBR";\N;"4";"2026-10-06 13:37:55"
"OP595";"FILTRON";"replacement";"Замена";"forward";"BC1259";"PBR";\N;"4";"2026-10-06 13:37:56"
"OP595";"FILTRON";"replacement";"Замена";"reverse";"BC1268";"PBR";\N;"4";"2026-10-06 13:37:55"
"OP595";"FILTRON";"replacement";"Замена";"forward";"BC1297";"PBR";\N;"4";"2026-10-06 13:37:56"
"OP595";"FILTRON";"replacement";"Замена";"forward";"BC1339";"PBR";\N;"4";"2026-10-06 13:37:56"
"OP595";"FILTRON";"replacement";"Замена";"reverse";"2325800";"UFI";"0,248";"4";"2026-10-06 13:37:55"
"OP595";"FILTRON";"replacement";"Замена";"reverse";"2325900";"UFI";"0,303";"4";"2026-10-06 13:37:55"
"OP595";"FILTRON";"replacement";"Замена";"reverse";"2327100";"UFI";"0,369";"4";"2026-10-06 13:37:55"
"OP595";"FILTRON";"replacement";"Замена";"reverse";"2327200";"UFI";\N;"4";"2026-10-06 13:37:56"
"OP595";"FILTRON";"replacement";"Замена";"reverse";"2342400";"UFI";"0,265";"4";"2026-10-06 13:37:56"
"OP595";"FILTRON";"replacement";"Замена";"reverse";"2345200";"UFI";"0,225";"4";"2026-10-06 13:37:56"
"OP595";"FILTRON";"replacement";"Замена";"reverse";"S3258R";"SOFIMA";\N;"4";"2026-10-06 13:37:56"
"OP595";"FILTRON";"replacement";"Замена";"reverse";"S3259R";"SOFIMA";\N;"4";"2026-10-06 13:37:56"
"OP595";"FILTRON";"replacement";"Замена";"reverse";"S3424R";"SOFIMA";\N;"4";"2026-10-06 13:37:56"
"OP595";"FILTRON";"replacement";"Замена";"reverse";"S3428R";"SOFIMA";\N;"3";"2026-10-06 13:37:56"
"OP595";"FILTRON";"replacement";"Замена";"reverse";"S3484R";"SOFIMA";\N;"4";"2026-10-06 13:37:56"
"OP595";"FILTRON";"replacement";"Замена";"reverse";"S4900R";"SOFIMA";\N;"4";"2026-10-06 13:37:56"
"OP595";"FILTRON";"replacement";"Замена";"reverse";"S5120R";"SOFIMA";\N;"4";"2026-10-06 13:37:56"
"OP595";"FILTRON";"replacement";"Замена";"reverse";"SP1002";"ALCO FILTERS";"0,241";"4";"2026-10-06 13:37:56"
"OP595";"FILTRON";"replacement";"Замена";"reverse";"SP1006";"ALCO FILTERS";"0,296";"4";"2026-10-06 13:37:56"
"OP595";"FILTRON";"replacement";"Замена";"reverse";"SP1079";"ALCO FILTERS";"0,229";"4";"2026-10-06 13:37:56"
"OP595";"FILTRON";"replacement";"Замена";"reverse";"SP934";"ALCO FILTERS";"0,299";"4";"2026-10-06 13:37:56"
"OP595";"FILTRON";"replacement";"Замена";"reverse";"0B63114302";"MOBIS";"0,245";"4";"2026-10-06 13:37:56"
"OP595";"FILTRON";"replacement";"Замена";"reverse";"0JE1514302";"MOBIS";"0,233";"4";"2026-10-06 13:37:56"
"OP595";"FILTRON";"replacement";"Замена";"forward";"2630002500";"MOBIS";\N;"4";"2026-10-06 13:37:59"
"OP595";"FILTRON";"replacement";"Замена";"forward";"2630002501";"MOBIS";\N;"4";"2026-10-06 13:37:59"
"OP595";"FILTRON";"replacement";"Замена";"forward";"263002Y500";"MOBIS";"0,22";"4";"2026-10-06 13:37:57"
"OP595";"FILTRON";"replacement";"Замена";"forward";"2630035054";"MOBIS";\N;"4";"2026-10-06 13:37:59"
"OP595";"FILTRON";"replacement";"Замена";"forward";"MAM0117";"MOBIS";\N;"4";"2026-10-06 13:37:59"
"OP595";"FILTRON";"replacement";"Замена";"forward";"XJAU00153";"MOBIS";\N;"4";"2026-10-06 13:37:59"
"OP595";"FILTRON";"replacement";"Замена";"forward";"025914300";"HYUNDAI/KIA";\N;"4";"2026-10-06 13:37:59"
"OP595";"FILTRON";"replacement";"Замена";"forward";"032414300";"HYUNDAI/KIA";"0,303";"4";"2026-10-06 13:37:59"
"OP595";"FILTRON";"replacement";"Замена";"forward";"037023802";"HYUNDAI/KIA";\N;"4";"2026-10-06 13:37:59"
"OP595";"FILTRON";"replacement";"Замена";"forward";"086623802";"HYUNDAI/KIA";\N;"4";"2026-10-06 13:37:59"
"OP595";"FILTRON";"replacement";"Замена";"reverse";"0B63114302";"HYUNDAI/KIA";"0,25";"4";"2026-10-06 13:37:56"
"OP595";"FILTRON";"replacement";"Замена";"reverse";"0FE3R14302";"HYUNDAI/KIA";"0,255";"4";"2026-10-06 13:37:56"
"OP595";"FILTRON";"replacement";"Замена";"reverse";"0JE1514302";"HYUNDAI/KIA";"0,26";"4";"2026-10-06 13:37:56"
"OP595";"FILTRON";"replacement";"Замена";"forward";"2630002500";"HYUNDAI/KIA";"0,25";"4";"2026-10-06 13:37:59"
"OP595";"FILTRON";"replacement";"Замена";"forward";"2630002501";"HYUNDAI/KIA";"0,2";"4";"2026-10-06 13:37:59"
"OP595";"FILTRON";"replacement";"Замена";"forward";"2630002502";"HYUNDAI/KIA";"0,2";"3";"2026-10-06 13:37:58"
"OP595";"FILTRON";"replacement";"Замена";"forward";"2630002503";"HYUNDAI/KIA";"0,265";"3";"2026-10-06 13:37:58"
"OP595";"FILTRON";"replacement";"Замена";"forward";"2630002751";"HYUNDAI/KIA";"0,214";"3";"2026-10-06 13:37:58"
"OP595";"FILTRON";"replacement";"Замена";"forward";"2630011100";"HYUNDAI/KIA";"0,4";"4";"2026-10-06 13:37:59"
"OP595";"FILTRON";"replacement";"Замена";"forward";"2630021010";"HYUNDAI/KIA";"0,4";"4";"2026-10-06 13:37:59"
"OP595";"FILTRON";"replacement";"Замена";"forward";"2630021A00";"HYUNDAI/KIA";"0,4";"4";"2026-10-06 13:37:59"
"OP595";"FILTRON";"replacement";"Замена";"forward";"263002Y500";"HYUNDAI/KIA";"0,23";"4";"2026-10-06 13:37:57"
"OP595";"FILTRON";"replacement";"Замена";"forward";"2630035004";"HYUNDAI/KIA";"0,4";"4";"2026-10-06 13:37:59"
"OP595";"FILTRON";"replacement";"Замена";"forward";"2630035014";"HYUNDAI/KIA";"0,312";"4";"2026-10-06 13:37:59"
"OP595";"FILTRON";"replacement";"Замена";"forward";"2630035054";"HYUNDAI/KIA";"0,318";"4";"2026-10-06 13:37:59"
"OP595";"FILTRON";"replacement";"Замена";"forward";"2630035A00";"HYUNDAI/KIA";"0,4";"4";"2026-10-06 13:37:59"
"OP595";"FILTRON";"replacement";"Замена";"forward";"263202";"HYUNDAI/KIA";\N;"4";"2026-10-06 13:37:59"
"OP595";"FILTRON";"replacement";"Замена";"forward";"420335400";"HYUNDAI/KIA";\N;"4";"2026-10-06 13:37:59"
"OP595";"FILTRON";"replacement";"Замена";"forward";"420335410";"HYUNDAI/KIA";\N;"4";"2026-10-06 13:37:59"
"OP595";"FILTRON";"replacement";"Замена";"forward";"420335500";"HYUNDAI/KIA";\N;"4";"2026-10-06 13:37:59"
"OP595";"FILTRON";"replacement";"Замена";"forward";"817323802";"HYUNDAI/KIA";\N;"4";"2026-10-06 13:37:59"
"OP595";"FILTRON";"replacement";"Замена";"forward";"8931567500";"HYUNDAI/KIA";\N;"4";"2026-10-06 13:37:59"
"OP595";"FILTRON";"replacement";"Замена";"forward";"B63114302";"HYUNDAI/KIA";\N;"4";"2026-10-06 13:37:59"
"OP595";"FILTRON";"replacement";"Замена";"forward";"B6Y014300";"HYUNDAI/KIA";\N;"4";"2026-10-06 13:37:59"
"OP595";"FILTRON";"replacement";"Замена";"forward";"B6Y114302";"HYUNDAI/KIA";\N;"4";"2026-10-06 13:37:59"
"OP595";"FILTRON";"replacement";"Замена";"forward";"B6YI14302";"HYUNDAI/KIA";\N;"4";"2026-10-06 13:37:59"
"OP595";"FILTRON";"replacement";"Замена";"forward";"F80223802";"HYUNDAI/KIA";\N;"4";"2026-10-06 13:37:59"
"OP595";"FILTRON";"replacement";"Замена";"forward";"FE3R14302";"HYUNDAI/KIA";"0,375";"4";"2026-10-06 13:37:59"
"OP595";"FILTRON";"replacement";"Замена";"forward";"FEY0143029A";"HYUNDAI/KIA";\N;"4";"2026-10-06 13:37:59"
"OP595";"FILTRON";"replacement";"Замена";"forward";"FEYO14302";"HYUNDAI/KIA";\N;"4";"2026-10-06 13:37:59"
"OP595";"FILTRON";"replacement";"Замена";"forward";"MAM0117";"HYUNDAI/KIA";\N;"4";"2026-10-06 13:37:59"
"OP595";"FILTRON";"replacement";"Замена";"forward";"N3Y614302";"HYUNDAI/KIA";\N;"4";"2026-10-06 13:37:59"
"OP595";"FILTRON";"replacement";"Замена";"forward";"OB63114302";"HYUNDAI/KIA";\N;"4";"2026-10-06 13:38:00"
"OP595";"FILTRON";"replacement";"Замена";"forward";"OJE1514302";"HYUNDAI/KIA";\N;"3";"2026-10-06 13:37:58"
"OP595";"FILTRON";"replacement";"Замена";"forward";"XJAU00153";"HYUNDAI/KIA";\N;"4";"2026-10-06 13:37:59"
"OP595";"FILTRON";"replacement";"Замена";"forward";"022214300";"HONDA/ACURA";\N;"4";"2026-10-06 13:37:59"
"OP595";"FILTRON";"replacement";"Замена";"reverse";"15400679013";"HONDA/ACURA";"0,3";"4";"2026-10-06 13:37:56"
"OP595";"FILTRON";"replacement";"Замена";"reverse";"15400679023";"HONDA/ACURA";"0,3";"4";"2026-10-06 13:37:56"
"OP595";"FILTRON";"replacement";"Замена";"reverse";"15400679033";"HONDA/ACURA";"0,3";"4";"2026-10-06 13:37:56"
"OP595";"FILTRON";"replacement";"Замена";"reverse";"15400PFB004";"HONDA/ACURA";"0,175";"4";"2026-10-06 13:37:56"
"OP595";"FILTRON";"replacement";"Замена";"reverse";"15400PFB007";"HONDA/ACURA";"0,189";"4";"2026-10-06 13:37:56"
"OP595";"FILTRON";"replacement";"Замена";"reverse";"15400PFB014";"HONDA/ACURA";"0,169";"4";"2026-10-06 13:37:56"
"OP595";"FILTRON";"replacement";"Замена";"reverse";"15400PJ7000";"HONDA/ACURA";"0,219";"4";"2026-10-06 13:37:56"
"OP595";"FILTRON";"replacement";"Замена";"reverse";"15400PJ7003";"HONDA/ACURA";\N;"4";"2026-10-06 13:37:56"
"OP595";"FILTRON";"replacement";"Замена";"reverse";"15400PJ7005";"HONDA/ACURA";"0,17";"4";"2026-10-06 13:37:56"
"OP595";"FILTRON";"replacement";"Замена";"reverse";"15400PJ7010";"HONDA/ACURA";"0,219";"4";"2026-10-06 13:37:56"
"OP595";"FILTRON";"replacement";"Замена";"reverse";"15400PJ7015";"HONDA/ACURA";"0,175";"4";"2026-10-06 13:37:56"
"OP595";"FILTRON";"replacement";"Замена";"reverse";"15400PM3003";"HONDA/ACURA";"1,01";"4";"2026-10-06 13:37:56"
"OP595";"FILTRON";"replacement";"Замена";"reverse";"15400PM3405";"HONDA/ACURA";"0,223";"4";"2026-10-06 13:37:56"
"OP595";"FILTRON";"replacement";"Замена";"reverse";"15400ZW4003";"HONDA/ACURA";"0,359";"4";"2026-10-06 13:37:56"
"OP595";"FILTRON";"replacement";"Замена";"forward";"15400ZZ3003";"HONDA/ACURA";"0,21";"4";"2026-10-06 13:38:00"
"OP595";"FILTRON";"replacement";"Замена";"forward";"8944110840";"HONDA/ACURA";"0,45";"4";"2026-10-06 13:37:59"
"OP595";"FILTRON";"replacement";"Замена";"forward";"8944304112";"HONDA/ACURA";"0,45";"4";"2026-10-06 13:37:59"
"OP595";"FILTRON";"replacement";"Замена";"forward";"8971406660";"HONDA/ACURA";"0,36";"4";"2026-10-06 13:37:59"
"OP595";"FILTRON";"replacement";"Замена";"forward";"HE1923802";"HONDA/ACURA";\N;"4";"2026-10-06 13:37:59"
"OP595";"FILTRON";"replacement";"Замена";"reverse";"152071758747";"MAGNETI MARELLI";\N;"3";"2026-10-06 13:37:56"
"OP595";"FILTRON";"replacement";"Замена";"reverse";"152071758756";"MAGNETI MARELLI";\N;"4";"2026-10-06 13:37:56"
"OP595";"FILTRON";"replacement";"Замена";"forward";"154086363340";"MAGNETI MARELLI";\N;"4";"2026-10-06 13:37:58"
"OP595";"FILTRON";"replacement";"Замена";"forward";"71758756";"MAGNETI MARELLI";\N;"4";"2026-10-06 13:37:58"
"OP595";"FILTRON";"replacement";"Замена";"reverse";"27155";"FEBI";"0,244";"4";"2026-10-06 13:37:56"
"OP595";"FILTRON";"replacement";"Замена";"forward";"32099";"FEBI";"0,231";"4";"2026-10-06 13:37:56"
"OP595";"FILTRON";"replacement";"Замена";"forward";"32100";"FEBI";"0,25";"4";"2026-10-06 13:37:57"
"OP595";"FILTRON";"replacement";"Замена";"reverse";"60927155";"SWAG";"0,244";"4";"2026-10-06 13:37:56"
"OP595";"FILTRON";"replacement";"Замена";"reverse";"70932100";"SWAG";"0,25";"4";"2026-10-06 13:37:56"
"OP595";"FILTRON";"replacement";"Замена";"reverse";"83932099";"SWAG";"0,231";"4";"2026-10-06 13:37:56"
"OP595";"FILTRON";"replacement";"Замена";"reverse";"A210027";"DENCKERMANN";\N;"4";"2026-10-06 13:37:56"
"OP595";"FILTRON";"replacement";"Замена";"reverse";"A210159";"DENCKERMANN";"0,252";"4";"2026-10-06 13:37:56"
"OP595";"FILTRON";"replacement";"Замена";"reverse";"ELH4243";"MECA FILTER";"0,242";"4";"2026-10-06 13:37:56"
"OP595";"FILTRON";"replacement";"Замена";"reverse";"ELH4256";"MECA FILTER";"0,302";"4";"2026-10-06 13:37:56"
"OP595";"FILTRON";"replacement";"Замена";"reverse";"ELH4259";"MECA FILTER";"0,3";"4";"2026-10-06 13:37:56"
"OP595";"FILTRON";"replacement";"Замена";"reverse";"H59";"MECA FILTER";\N;"4";"2026-10-06 13:37:56"
"OP595";"FILTRON";"replacement";"Замена";"reverse";"100059";"KAGER";\N;"4";"2026-10-06 13:37:56"
"OP595";"FILTRON";"replacement";"Замена";"forward";"QFL0269";"QUINTON HAZELL";\N;"4";"2026-10-06 13:37:57"
"OP595";"FILTRON";"replacement";"Замена";"forward";"QOF5361";"QUINTON HAZELL";\N;"4";"2026-10-06 13:37:57"
"OP595";"FILTRON";"replacement";"Замена";"reverse";"WL7162";"QUINTON HAZELL";\N;"3";"2026-10-06 13:37:56"
"OP595";"FILTRON";"replacement";"Замена";"reverse";"156071920";"HINO";\N;"4";"2026-10-06 13:37:56"
"OP595";"FILTRON";"replacement";"Замена";"reverse";"156072060";"HINO";\N;"4";"2026-10-06 13:37:56"
"OP595";"FILTRON";"replacement";"Замена";"reverse";"S156071921";"HINO";"0,256";"4";"2026-10-06 13:37:56"
"OP595";"FILTRON";"replacement";"Замена";"reverse";"S156072060";"HINO";"0,27";"4";"2026-10-06 13:37:56"
"OP595";"FILTRON";"replacement";"Замена";"forward";"025914300";"ISUZU";\N;"4";"2026-10-06 13:37:59"
"OP595";"FILTRON";"replacement";"Замена";"forward";"077823802";"ISUZU";\N;"4";"2026-10-06 13:37:59"
"OP595";"FILTRON";"replacement";"Замена";"forward";"15208AA021";"ISUZU";\N;"4";"2026-10-06 13:37:59"
"OP595";"FILTRON";"replacement";"Замена";"forward";"15208AA030";"ISUZU";\N;"4";"2026-10-06 13:37:59"
"OP595";"FILTRON";"replacement";"Замена";"forward";"15208AA080ПВ";"ISUZU";\N;"4";"2026-10-06 13:37:59"
"OP595";"FILTRON";"replacement";"Замена";"forward";"15208AA12A";"ISUZU";\N;"4";"2026-10-06 13:37:59"
"OP595";"FILTRON";"replacement";"Замена";"forward";"15400PJ7005";"ISUZU";\N;"4";"2026-10-06 13:37:58"
"OP595";"FILTRON";"replacement";"Замена";"forward";"15400PJ7015";"ISUZU";\N;"4";"2026-10-06 13:37:58"
"OP595";"FILTRON";"replacement";"Замена";"forward";"5864015150";"ISUZU";\N;"4";"2026-10-06 13:37:58"
"OP595";"FILTRON";"replacement";"Замена";"forward";"817323802";"ISUZU";\N;"4";"2026-10-06 13:37:59"
"OP595";"FILTRON";"replacement";"Замена";"forward";"8931567500";"ISUZU";"0,394";"4";"2026-10-06 13:37:59"
"OP595";"FILTRON";"replacement";"Замена";"forward";"8931569980";"ISUZU";\N;"4";"2026-10-06 13:37:59"
"OP595";"FILTRON";"replacement";"Замена";"forward";"894135741";"ISUZU";\N;"4";"2026-10-06 13:37:58"
"OP595";"FILTRON";"replacement";"Замена";"reverse";"894135747";"ISUZU";\N;"4";"2026-10-06 13:37:56"
"OP595";"FILTRON";"replacement";"Замена";"reverse";"894148661";"ISUZU";\N;"4";"2026-10-06 13:37:56"
"OP595";"FILTRON";"replacement";"Замена";"reverse";"894149418";"ISUZU";\N;"4";"2026-10-06 13:37:56"
"OP595";"FILTRON";"replacement";"Замена";"reverse";"894201942";"ISUZU";\N;"4";"2026-10-06 13:37:56"
"OP595";"FILTRON";"replacement";"Замена";"reverse";"894243502";"ISUZU";\N;"4";"2026-10-06 13:37:56"
"OP595";"FILTRON";"replacement";"Замена";"forward";"8943142632";"ISUZU";\N;"4";"2026-10-06 13:37:59"
"OP595";"FILTRON";"replacement";"Замена";"forward";"8943142633";"ISUZU";\N;"4";"2026-10-06 13:37:59"
"OP595";"FILTRON";"replacement";"Замена";"forward";"8944110840";"ISUZU";\N;"4";"2026-10-06 13:37:59"
"OP595";"FILTRON";"replacement";"Замена";"forward";"89441108401";"ISUZU";\N;"4";"2026-10-06 13:37:58"
"OP595";"FILTRON";"replacement";"Замена";"reverse";"894418541";"ISUZU";\N;"4";"2026-10-06 13:37:56"
"OP595";"FILTRON";"replacement";"Замена";"reverse";"894430411";"ISUZU";\N;"4";"2026-10-06 13:37:56"
"OP595";"FILTRON";"replacement";"Замена";"forward";"8944304112";"ISUZU";"0,14";"4";"2026-10-06 13:37:59"
"OP595";"FILTRON";"replacement";"Замена";"reverse";"894456741";"ISUZU";\N;"4";"2026-10-06 13:37:56"
"OP595";"FILTRON";"replacement";"Замена";"forward";"8971406660";"ISUZU";\N;"4";"2026-10-06 13:37:59"
"OP595";"FILTRON";"replacement";"Замена";"forward";"W671";"MANN";"0,275";"4";"2026-10-06 13:37:57"
"OP595";"FILTRON";"replacement";"Замена";"forward";"W6780";"MANN";"0,219";"4";"2026-10-06 13:37:56"
"OP595";"FILTRON";"replacement";"Замена";"forward";"51358";"WIX FILTERS";\N;"4";"2026-10-06 13:37:58"
"OP595";"FILTRON";"replacement";"Замена";"forward";"51365";"WIX FILTERS";"0,329";"4";"2026-10-06 13:37:56"
"OP595";"FILTRON";"replacement";"Замена";"forward";"WL7162";"WIX FILTERS";\N;"4";"2026-10-06 13:37:58"
"OP595";"FILTRON";"replacement";"Замена";"forward";"WL7200";"WIX FILTERS";"0,24";"4";"2026-10-06 13:37:56"
"OP595";"FILTRON";"replacement";"Замена";"forward";"ADG02109";"BLUE PRINT";"0,223";"4";"2026-10-06 13:37:56"
"OP595";"FILTRON";"replacement";"Замена";"forward";"ADH22113";"BLUE PRINT";"0,22";"4";"2026-10-06 13:37:57"
"OP595";"FILTRON";"replacement";"Замена";"forward";"ADM52101";"BLUE PRINT";"0,35";"4";"2026-10-06 13:37:57"
"OP595";"FILTRON";"replacement";"Замена";"forward";"ADM52105";"BLUE PRINT";"0,249";"4";"2026-10-06 13:37:58"
"OP595";"FILTRON";"replacement";"Замена";"forward";"ADM52106";"BLUE PRINT";"0,2";"4";"2026-10-06 13:37:56"
"OP595";"FILTRON";"replacement";"Замена";"forward";"ADM52107";"BLUE PRINT";"0,25";"4";"2026-10-06 13:37:57"
"OP595";"FILTRON";"replacement";"Замена";"forward";"ADM52121";"BLUE PRINT";"0,243";"4";"2026-10-06 13:37:56"
"OP595";"FILTRON";"replacement";"Замена";"forward";"ADN12111";"BLUE PRINT";"0,243";"4";"2026-10-06 13:37:57"
"OP595";"FILTRON";"replacement";"Замена";"forward";"ADN12112";"BLUE PRINT";"0,21";"4";"2026-10-06 13:37:56"
"OP595";"FILTRON";"replacement";"Замена";"forward";"ADN12124";"BLUE PRINT";\N;"4";"2026-10-06 13:37:57"
"OP595";"FILTRON";"replacement";"Замена";"forward";"ADN12126";"BLUE PRINT";\N;"4";"2026-10-06 13:37:57"
"OP595";"FILTRON";"replacement";"Замена";"forward";"ADS72101";"BLUE PRINT";"0,314";"4";"2026-10-06 13:37:57"
"OP595";"FILTRON";"replacement";"Замена";"forward";"ADS72103";"BLUE PRINT";\N;"4";"2026-10-06 13:37:56"
"OP595";"FILTRON";"replacement";"Замена";"forward";"11930535150";"YANMAR";\N;"4";"2026-10-06 13:37:56"
"OP595";"FILTRON";"replacement";"Замена";"forward";"11930535151";"YANMAR";\N;"4";"2026-10-06 13:38:00"
"OP595";"FILTRON";"replacement";"Замена";"forward";"11930535160";"YANMAR";\N;"4";"2026-10-06 13:37:58"
"OP595";"FILTRON";"replacement";"Замена";"forward";"11930535170";"YANMAR";\N;"4";"2026-10-06 13:38:00"
"OP595";"FILTRON";"replacement";"Замена";"forward";"11966035150E";"YANMAR";\N;"4";"2026-10-06 13:38:00"
"OP595";"FILTRON";"replacement";"Замена";"forward";"Y12915035151";"YANMAR";\N;"4";"2026-10-06 13:37:58"
"OP595";"FILTRON";"replacement";"Замена";"forward";"YM11930535151";"YANMAR";\N;"4";"2026-10-06 13:38:00"
"OP595";"FILTRON";"replacement";"Замена";"forward";"11930535151";"KOMATSU";\N;"4";"2026-10-06 13:37:56"
"OP595";"FILTRON";"replacement";"Замена";"forward";"8FG1238029A";"KOMATSU";\N;"4";"2026-10-06 13:37:59"
"OP595";"FILTRON";"replacement";"Замена";"forward";"YM11930535150";"KOMATSU";\N;"4";"2026-10-06 13:38:00"
"OP595";"FILTRON";"replacement";"Замена";"forward";"YM11930535151";"KOMATSU";"0,275";"4";"2026-10-06 13:38:00"
"OP595";"FILTRON";"replacement";"Замена";"forward";"YM11966035150";"KOMATSU";\N;"4";"2026-10-06 13:38:00"
"OP595";"FILTRON";"replacement";"Замена";"forward";"1585332430";"KUBOTA";\N;"4";"2026-10-06 13:37:56"
"OP595";"FILTRON";"replacement";"Замена";"forward";"1585332439";"KUBOTA";\N;"4";"2026-10-06 13:38:00"
"OP595";"FILTRON";"replacement";"Замена";"forward";"1585399179";"KUBOTA";\N;"4";"2026-10-06 13:37:58"
"OP595";"FILTRON";"replacement";"Замена";"forward";"HH15032430";"KUBOTA";\N;"4";"2026-10-06 13:37:56"
"OP595";"FILTRON";"replacement";"Замена";"forward";"W21ESO1500";"KUBOTA";\N;"4";"2026-10-06 13:38:00"
"OP595";"FILTRON";"replacement";"Замена";"forward";"W950311001";"KUBOTA";\N;"4";"2026-10-06 13:38:00"
"OP595";"FILTRON";"replacement";"Замена";"forward";"901281813";"YALE";\N;"4";"2026-10-06 13:37:56"
"OP595";"FILTRON";"replacement";"Замена";"forward";"M801209";"JOHN DEERE";\N;"4";"2026-10-06 13:38:00"
"OP595";"FILTRON";"replacement";"Замена";"forward";"M806418";"JOHN DEERE";\N;"4";"2026-10-06 13:37:56"
"OP595";"FILTRON";"replacement";"Замена";"forward";"MIA11714";"JOHN DEERE";\N;"4";"2026-10-06 13:37:58"
"OP595";"FILTRON";"replacement";"Замена";"forward";"TY22045";"JOHN DEERE";\N;"4";"2026-10-06 13:38:00"
"OP595";"FILTRON";"replacement";"Замена";"forward";"TY26276";"JOHN DEERE";\N;"4";"2026-10-06 13:37:58"
"OP595";"FILTRON";"replacement";"Замена";"forward";"TY26277";"JOHN DEERE";\N;"4";"2026-10-06 13:37:58"
"OP595";"FILTRON";"replacement";"Замена";"forward";"L14459";"PUROLATOR";\N;"3";"2026-10-06 13:37:58"
"OP595";"FILTRON";"replacement";"Замена";"forward";"L14460";"PUROLATOR";\N;"4";"2026-10-06 13:37:56"
"OP595";"FILTRON";"replacement";"Замена";"forward";"L14612";"PUROLATOR";\N;"4";"2026-10-06 13:37:56"
"OP595";"FILTRON";"replacement";"Замена";"forward";"L14622";"PUROLATOR";\N;"4";"2026-10-06 13:37:56"
"OP595";"FILTRON";"replacement";"Замена";"forward";"L17754";"PUROLATOR";\N;"3";"2026-10-06 13:37:58"
"OP595";"FILTRON";"replacement";"Замена";"forward";"L18097";"PUROLATOR";\N;"4";"2026-10-06 13:37:56"
"OP595";"FILTRON";"replacement";"Замена";"forward";"L19212";"PUROLATOR";\N;"4";"2026-10-06 13:37:56"
"OP595";"FILTRON";"replacement";"Замена";"forward";"L24458";"PUROLATOR";\N;"3";"2026-10-06 13:37:58"
"OP595";"FILTRON";"replacement";"Замена";"forward";"L27535";"PUROLATOR";\N;"3";"2026-10-06 13:37:58"
"OP595";"FILTRON";"replacement";"Замена";"forward";"PER4622";"PUROLATOR";\N;"3";"2026-10-06 13:37:58"
"OP595";"FILTRON";"replacement";"Замена";"forward";"LI6651";"UNICO FILTER";\N;"4";"2026-10-06 13:37:56"
"OP595";"FILTRON";"replacement";"Замена";"forward";"LI66680";"UNICO FILTER";\N;"4";"2026-10-06 13:37:58"
"OP595";"FILTRON";"replacement";"Замена";"forward";"LI675";"UNICO FILTER";\N;"4";"2026-10-06 13:37:57"
"OP595";"FILTRON";"replacement";"Замена";"forward";"COF100129S";"CHAMPION";"0,215";"4";"2026-10-06 13:37:57"
"OP595";"FILTRON";"replacement";"Замена";"forward";"F117";"CHAMPION";\N;"4";"2026-10-06 13:37:56"
"OP595";"FILTRON";"replacement";"Замена";"forward";"F117606";"CHAMPION";\N;"4";"2026-10-06 13:37:59"
"OP595";"FILTRON";"replacement";"Замена";"forward";"F119606";"CHAMPION";"0,3";"4";"2026-10-06 13:37:57"
"OP595";"FILTRON";"replacement";"Замена";"forward";"F129";"CHAMPION";"0,24";"4";"2026-10-06 13:37:56"
"OP595";"FILTRON";"replacement";"Замена";"forward";"F129606";"CHAMPION";"0,21";"4";"2026-10-06 13:37:59"
"OP595";"FILTRON";"replacement";"Замена";"forward";"LS106";"CHAMPION";"0,486";"4";"2026-10-06 13:37:56"
"OP595";"FILTRON";"replacement";"Замена";"forward";"LS192";"CHAMPION";\N;"4";"2026-10-06 13:37:56"
"OP595";"FILTRON";"replacement";"Замена";"forward";"LS198";"CHAMPION";\N;"4";"2026-10-06 13:37:57"
"OP595";"FILTRON";"replacement";"Замена";"forward";"PH2805";"CHAMPION";\N;"4";"2026-10-06 13:37:57"
"OP595";"FILTRON";"replacement";"Замена";"forward";"PH2808";"CHAMPION";\N;"4";"2026-10-06 13:37:57"
"OP595";"FILTRON";"replacement";"Замена";"forward";"PH2865";"CHAMPION";\N;"4";"2026-10-06 13:37:57"
"OP595";"FILTRON";"replacement";"Замена";"forward";"PH2869";"CHAMPION";\N;"4";"2026-10-06 13:37:57"
"OP595";"FILTRON";"replacement";"Замена";"forward";"PH2876";"CHAMPION";\N;"4";"2026-10-06 13:37:57"
"OP595";"FILTRON";"replacement";"Замена";"forward";"FX0074";"DELPHI";\N;"4";"2026-10-06 13:37:56"
"OP595";"FILTRON";"replacement";"Замена";"forward";"FX0078";"DELPHI";\N;"4";"2026-10-06 13:37:56"
"OP595";"FILTRON";"replacement";"Замена";"forward";"FX0161";"DELPHI";\N;"4";"2026-10-06 13:37:56"
"OP595";"FILTRON";"replacement";"Замена";"forward";"FX0179";"DELPHI";\N;"4";"2026-10-06 13:37:56"
"OP595";"FILTRON";"replacement";"Замена";"forward";"FX0185";"DELPHI";\N;"4";"2026-10-06 13:37:56"
"OP595";"FILTRON";"replacement";"Замена";"forward";"7605131";"HOFFER";\N;"4";"2026-10-06 13:37:56"
"OP595";"FILTRON";"replacement";"Замена";"forward";"76051311";"HOFFER";\N;"4";"2026-10-06 13:37:56"
"OP595";"FILTRON";"replacement";"Замена";"forward";"760513112";"HOFFER";\N;"4";"2026-10-06 13:37:56"
"OP595";"FILTRON";"replacement";"Замена";"forward";"76051317";"HOFFER";\N;"4";"2026-10-06 13:37:56"
"OP595";"FILTRON";"replacement";"Замена";"forward";"107OS";"KOLBENSCHMIDT";\N;"4";"2026-10-06 13:37:56"
"OP595";"FILTRON";"replacement";"Замена";"forward";"489OS";"KOLBENSCHMIDT";\N;"4";"2026-10-06 13:37:56"
"OP595";"FILTRON";"replacement";"Замена";"forward";"50013107";"KOLBENSCHMIDT";"0,233";"4";"2026-10-06 13:37:58"
"OP595";"FILTRON";"replacement";"Замена";"forward";"5001310710";"KOLBENSCHMIDT";"0,214";"4";"2026-10-06 13:37:59"
"OP595";"FILTRON";"replacement";"Замена";"forward";"50013851";"KOLBENSCHMIDT";"0,317";"4";"2026-10-06 13:37:58"
"OP595";"FILTRON";"replacement";"Замена";"forward";"851OS";"KOLBENSCHMIDT";\N;"4";"2026-10-06 13:37:56"
"OP595";"FILTRON";"replacement";"Замена";"forward";"B1400";"BALDWIN";"0,215";"4";"2026-10-06 13:37:56"
"OP595";"FILTRON";"replacement";"Замена";"forward";"B1427";"BALDWIN";\N;"4";"2026-10-06 13:37:58"
"OP595";"FILTRON";"replacement";"Замена";"forward";"B1444";"BALDWIN";\N;"4";"2026-10-06 13:37:58"
"OP595";"FILTRON";"replacement";"Замена";"forward";"B301";"BALDWIN";\N;"4";"2026-10-06 13:37:56"
"OP595";"FILTRON";"replacement";"Замена";"forward";"B519";"BALDWIN";\N;"4";"2026-10-06 13:37:58"
"OP595";"FILTRON";"replacement";"Замена";"forward";"B7318";"BALDWIN";\N;"4";"2026-10-06 13:37:58"
"OP595";"FILTRON";"replacement";"Замена";"forward";"ZP04";"FIL FILTER";\N;"4";"2026-10-06 13:37:56"
"OP595";"FILTRON";"replacement";"Замена";"forward";"ZP55B";"FIL FILTER";"0,22";"4";"2026-10-06 13:37:56"
"OP595";"FILTRON";"replacement";"Замена";"forward";"O65661";"ARMAFILT";\N;"4";"2026-10-06 13:37:56"
"OP595";"FILTRON";"replacement";"Замена";"forward";"O79700";"ARMAFILT";\N;"4";"2026-10-06 13:37:56"
"OP595";"FILTRON";"replacement";"Замена";"forward";"FT5368";"COOPERS";\N;"4";"2026-10-06 13:37:57"
"OP595";"FILTRON";"replacement";"Замена";"forward";"FT5389";"COOPERS";\N;"4";"2026-10-06 13:37:57"
"OP595";"FILTRON";"replacement";"Замена";"forward";"FT5406";"COOPERS";\N;"4";"2026-10-06 13:37:58"
"OP595";"FILTRON";"replacement";"Замена";"forward";"FT5448";"COOPERS";\N;"4";"2026-10-06 13:37:58"
"OP595";"FILTRON";"replacement";"Замена";"forward";"FT6081";"COOPERS";\N;"4";"2026-10-06 13:37:58"
"OP595";"FILTRON";"replacement";"Замена";"forward";"Z1039";"COOPERS";\N;"4";"2026-10-06 13:37:56"
"OP595";"FILTRON";"replacement";"Замена";"forward";"Z1094";"COOPERS";\N;"4";"2026-10-06 13:37:56"
"OP595";"FILTRON";"replacement";"Замена";"forward";"Z1239";"COOPERS";\N;"4";"2026-10-06 13:37:56"
"OP595";"FILTRON";"replacement";"Замена";"forward";"Z1297";"COOPERS";\N;"4";"2026-10-06 13:37:56"
"OP595";"FILTRON";"replacement";"Замена";"forward";"Z1347";"COOPERS";\N;"4";"2026-10-06 13:37:58"
"OP595";"FILTRON";"replacement";"Замена";"forward";"ELH4119";"LAUTRETTE";\N;"4";"2026-10-06 13:37:56"
"OP595";"FILTRON";"replacement";"Замена";"forward";"ELH4212";"LAUTRETTE";\N;"4";"2026-10-06 13:37:56"
"OP595";"FILTRON";"replacement";"Замена";"forward";"ELH4243";"LAUTRETTE";\N;"4";"2026-10-06 13:37:56"
"OP595";"FILTRON";"replacement";"Замена";"forward";"ELH4256";"LAUTRETTE";\N;"4";"2026-10-06 13:37:56"
"OP595";"FILTRON";"replacement";"Замена";"forward";"ELH4259";"LAUTRETTE";\N;"4";"2026-10-06 13:37:56"
"OP595";"FILTRON";"replacement";"Замена";"forward";"ELH4440";"LAUTRETTE";\N;"4";"2026-10-06 13:37:59"
"OP595";"FILTRON";"replacement";"Замена";"forward";"EXL119";"ELOFIC";\N;"4";"2026-10-06 13:37:56"
"OP595";"FILTRON";"replacement";"Замена";"forward";"EXL146";"ELOFIC";\N;"4";"2026-10-06 13:37:56"
"OP595";"FILTRON";"replacement";"Замена";"forward";"SP791";"ASAS";\N;"4";"2026-10-06 13:37:58"
"OP595";"FILTRON";"replacement";"Замена";"forward";"SPC401";"ASAS";\N;"4";"2026-10-06 13:37:56"
"OP595";"FILTRON";"replacement";"Замена";"forward";"SPC406";"ASAS";\N;"4";"2026-10-06 13:37:56"
"OP595";"FILTRON";"replacement";"Замена";"forward";"SPC902";"ASAS";\N;"4";"2026-10-06 13:37:56"
"OP595";"FILTRON";"replacement";"Замена";"forward";"Z223";"GUD FILTERS";\N;"4";"2026-10-06 13:37:56"
"OP595";"FILTRON";"replacement";"Замена";"forward";"Z232";"GUD FILTERS";\N;"4";"2026-10-06 13:37:56"
"OP595";"FILTRON";"replacement";"Замена";"forward";"Z282";"GUD FILTERS";\N;"4";"2026-10-06 13:37:56"
"OP595";"FILTRON";"replacement";"Замена";"forward";"Z353";"GUD FILTERS";\N;"4";"2026-10-06 13:37:56"
"OP595";"FILTRON";"replacement";"Замена";"forward";"PH2805";"LUBERFINER";\N;"4";"2026-10-06 13:37:57"
"OP595";"FILTRON";"replacement";"Замена";"forward";"PH28081";"LUBERFINER";\N;"4";"2026-10-06 13:37:58"
"OP595";"FILTRON";"replacement";"Замена";"forward";"PH28671";"LUBERFINER";\N;"4";"2026-10-06 13:37:58"
"OP595";"FILTRON";"replacement";"Замена";"forward";"PH2869";"LUBERFINER";\N;"4";"2026-10-06 13:37:57"
"OP595";"FILTRON";"replacement";"Замена";"forward";"PH28691";"LUBERFINER";\N;"4";"2026-10-06 13:37:58"
"OP595";"FILTRON";"replacement";"Замена";"forward";"PH2876";"LUBERFINER";"0,185";"4";"2026-10-06 13:37:57"
"OP595";"FILTRON";"replacement";"Замена";"forward";"PH28761";"LUBERFINER";\N;"4";"2026-10-06 13:37:58"
"OP595";"FILTRON";"replacement";"Замена";"forward";"PH29031";"LUBERFINER";\N;"4";"2026-10-06 13:37:58"
"OP595";"FILTRON";"replacement";"Замена";"forward";"GL267";"GIF FILTER";\N;"4";"2026-10-06 13:37:57"
"OP595";"FILTRON";"replacement";"Замена";"forward";"GL591";"GIF FILTER";\N;"4";"2026-10-06 13:37:57"
"OP595";"FILTRON";"replacement";"Замена";"forward";"VFL305";"MOTAQUIP";\N;"4";"2026-10-06 13:37:57"
"OP595";"FILTRON";"replacement";"Замена";"forward";"VFL326";"MOTAQUIP";\N;"4";"2026-10-06 13:37:57"
"OP595";"FILTRON";"replacement";"Замена";"forward";"VFL339";"MOTAQUIP";\N;"4";"2026-10-06 13:37:57"
"OP595";"FILTRON";"replacement";"Замена";"forward";"VFL390";"MOTAQUIP";\N;"4";"2026-10-06 13:37:57"
"OP595";"FILTRON";"replacement";"Замена";"forward";"VFL393";"MOTAQUIP";\N;"4";"2026-10-06 13:37:57"
"OP595";"FILTRON";"replacement";"Замена";"forward";"VFL407";"MOTAQUIP";\N;"4";"2026-10-06 13:37:57"
"OP595";"FILTRON";"replacement";"Замена";"forward";"VFL414";"MOTAQUIP";\N;"4";"2026-10-06 13:37:57"
"OP595";"FILTRON";"replacement";"Замена";"forward";"4186";"TEHO";\N;"4";"2026-10-06 13:37:57"
"OP595";"FILTRON";"replacement";"Замена";"forward";"4189";"TEHO";\N;"4";"2026-10-06 13:37:57"
"OP595";"FILTRON";"replacement";"Замена";"forward";"OK186";"TEHO";\N;"4";"2026-10-06 13:37:57"
"OP595";"FILTRON";"replacement";"Замена";"forward";"OK189";"TEHO";\N;"4";"2026-10-06 13:37:57"
"OP595";"FILTRON";"replacement";"Замена";"forward";"GFE327";"UNIPART";\N;"4";"2026-10-06 13:37:57"
"OP595";"FILTRON";"replacement";"Замена";"forward";"GFE338";"UNIPART";\N;"4";"2026-10-06 13:37:57"
"OP595";"FILTRON";"replacement";"Замена";"forward";"GFE371";"UNIPART";\N;"4";"2026-10-06 13:37:58"
"OP595";"FILTRON";"replacement";"Замена";"forward";"GFE387";"UNIPART";\N;"4";"2026-10-06 13:37:57"
"OP595";"FILTRON";"replacement";"Замена";"forward";"GFE397";"UNIPART";\N;"4";"2026-10-06 13:37:58"
"OP595";"FILTRON";"replacement";"Замена";"forward";"FB5337";"TJ FILTERS";\N;"4";"2026-10-06 13:37:57"
"OP595";"FILTRON";"replacement";"Замена";"forward";"FB5361";"TJ FILTERS";\N;"4";"2026-10-06 13:37:58"
"OP595";"FILTRON";"replacement";"Замена";"forward";"EFL9030";"MOTORCRAFT";\N;"4";"2026-10-06 13:37:58"
"OP595";"FILTRON";"replacement";"Замена";"forward";"FL1998";"MOTORCRAFT";\N;"4";"2026-10-06 13:37:58"
"OP595";"FILTRON";"replacement";"Замена";"forward";"FL810";"MOTORCRAFT";\N;"4";"2026-10-06 13:37:58"
"OP595";"FILTRON";"replacement";"Замена";"forward";"FL816";"MOTORCRAFT";\N;"4";"2026-10-06 13:37:57"
"OP595";"FILTRON";"replacement";"Замена";"forward";"FL818";"MOTORCRAFT";\N;"4";"2026-10-06 13:37:58"
"OP595";"FILTRON";"replacement";"Замена";"forward";"102405";"CROSLAND";\N;"4";"2026-10-06 13:37:57"
"OP595";"FILTRON";"replacement";"Замена";"forward";"2007";"CROSLAND";\N;"4";"2026-10-06 13:37:57"
"OP595";"FILTRON";"replacement";"Замена";"forward";"2151";"CROSLAND";\N;"4";"2026-10-06 13:37:57"
"OP595";"FILTRON";"replacement";"Замена";"forward";"2164";"CROSLAND";\N;"4";"2026-10-06 13:37:57"
"OP595";"FILTRON";"replacement";"Замена";"forward";"2205";"CROSLAND";\N;"4";"2026-10-06 13:37:58"
"OP595";"FILTRON";"replacement";"Замена";"forward";"LF3692";"FLEETGUARD";\N;"4";"2026-10-06 13:37:57"
"OP595";"FILTRON";"replacement";"Замена";"forward";"LF3925";"FLEETGUARD";"0,233";"4";"2026-10-06 13:37:57"
"OP595";"FILTRON";"replacement";"Замена";"forward";"P502015";"DONALDSON";"0,201";"4";"2026-10-06 13:37:57"
"OP595";"FILTRON";"replacement";"Замена";"forward";"P502062";"DONALDSON";\N;"4";"2026-10-06 13:37:57"
"OP595";"FILTRON";"replacement";"Замена";"forward";"P502067";"DONALDSON";"0,214";"4";"2026-10-06 13:37:57"
"OP595";"FILTRON";"replacement";"Замена";"forward";"P550461";"DONALDSON";\N;"4";"2026-10-06 13:37:57"
"OP595";"FILTRON";"replacement";"Замена";"forward";"P550641";"DONALDSON";\N;"4";"2026-10-06 13:37:57"
"OP595";"FILTRON";"replacement";"Замена";"forward";"P551762";"DONALDSON";\N;"4";"2026-10-06 13:37:58"
"OP595";"FILTRON";"replacement";"Замена";"forward";"R2275P";"RYCO";\N;"4";"2026-10-06 13:37:57"
"OP595";"FILTRON";"replacement";"Замена";"forward";"Z148A";"RYCO";\N;"4";"2026-10-06 13:37:57"
"OP595";"FILTRON";"replacement";"Замена";"forward";"Z436";"RYCO";\N;"4";"2026-10-06 13:37:57"
"OP595";"FILTRON";"replacement";"Замена";"forward";"Z445";"RYCO";\N;"4";"2026-10-06 13:37:57"
"OP595";"FILTRON";"replacement";"Замена";"forward";"Z495";"RYCO";\N;"4";"2026-10-06 13:37:57"
"OP595";"FILTRON";"replacement";"Замена";"forward";"Z79A";"RYCO";\N;"4";"2026-10-06 13:37:57"
"OP595";"FILTRON";"replacement";"Замена";"forward";"MH3369";"M-FILTER";"0,349";"4";"2026-10-06 13:37:57"
"OP595";"FILTRON";"replacement";"Замена";"forward";"MH3390";"M-FILTER";"0,253";"4";"2026-10-06 13:37:57"
"OP595";"FILTRON";"replacement";"Замена";"forward";"MH3397";"M-FILTER";\N;"4";"2026-10-06 13:37:57"
"OP595";"FILTRON";"replacement";"Замена";"forward";"TF45";"M-FILTER";"0,219";"4";"2026-10-06 13:37:57"
"OP595";"FILTRON";"replacement";"Замена";"forward";"Z258";"MISFAT";\N;"4";"2026-10-06 13:37:57"
"OP595";"FILTRON";"replacement";"Замена";"forward";"Z452";"MISFAT";"0,258";"4";"2026-10-06 13:37:57"
"OP595";"FILTRON";"replacement";"Замена";"forward";"SP4046";"SF FILTER";\N;"4";"2026-10-06 13:37:57"
"OP595";"FILTRON";"replacement";"Замена";"forward";"SP4047";"SF FILTER";\N;"4";"2026-10-06 13:37:57"
"OP595";"FILTRON";"replacement";"Замена";"forward";"SP4067";"SF FILTER";\N;"4";"2026-10-06 13:37:57"
"OP595";"FILTRON";"replacement";"Замена";"forward";"SP4116";"SF FILTER";\N;"4";"2026-10-06 13:37:57"
"OP595";"FILTRON";"replacement";"Замена";"forward";"SP4554";"SF FILTER";\N;"4";"2026-10-06 13:38:00"
"OP595";"FILTRON";"replacement";"Замена";"forward";"SP4579";"SF FILTER";\N;"4";"2026-10-06 13:37:57"
